{
    "周杰伦": 0.787904,
    "员工": 0.5567942,
    "约翰逊": 0.2097426,
    "用户": 0.1741545,
    "孩子": 0.1633121,
    "华为": 0.1486823,
    "最伟大的作品": 0.1451143,
    "警方": 0.1383928,
    "删除": 0.1047222,
    "武汉大学": 0.1020733,
    "日本": 0.1013157,
    "斯里兰卡": 0.1001412,
    "安倍": 0.1,
    "南京": 0.0918557,
    "a股": 0.0904945,
    "余秀华": 0.0837282,
    "宣布": 0.0751089,
    "公司": 0.0747653,
    "学生": 0.070928,
    "家暴": 0.0696347,
    "雨衣男": 0.0623293,
    "苹果": 0.0559636,
    "统一": 0.0518421,
    "唐山": 0.0510888,
    "嫌疑人": 0.0486253,
    "辞职": 0.0478085,
    "谭谈交通": 0.0441634,
    "女孩": 0.0404348,
    "违规": 0.0394016,
    "下架": 0.0391614,
    "数据库": 0.0356909,
    "豆瓣": 0.035681,
    "男子": 0.0356104,
    "被罚": 0.0352048,
    "母女": 0.0338411,
    "超生": 0.0324536,
    "特斯拉": 0.0322769,
    "霍乱病例": 0.0315536,
    "涉嫌": 0.0311745,
    "英国": 0.0263443,
    "身亡": 0.0255674,
    "违法犯罪": 0.025191,
    "集团": 0.0249085,
    "街道": 0.0247332,
    "死刑": 0.0238782,
    "一例": 0.0235262,
    "内卷": 0.0233066,
    "英国首相": 0.0217502,
    "美国": 0.0213284,
    "学校ip": 0.0213172,
    "永久": 0.0204911,
    "乐视": 0.0202093,
    "全州": 0.018991,
    "苏州": 0.0187554,
    "两人": 0.0186398,
    "被封": 0.0181071,
    "女大学生": 0.0179246,
    "画面": 0.0170732,
    "离婚": 0.0168823,
    "云南": 0.0165826,
    "美元": 0.0163403,
    "招聘": 0.0158296,
    "新专辑": 0.0154488,
    "起火": 0.0149715,
    "开启": 0.0148424,
    "宣判": 0.0148219,
    "电视台": 0.0143762,
    "新东方": 0.0143025,
    "致歉": 0.0137624,
    "侵权": 0.0131865,
    "3亿": 0.0128733,
    "发射": 0.0122248,
    "一审": 0.0119854,
    "冰淇淋": 0.0114609,
    "比亚迪": 0.0109975,
    "枪击": 0.0109151,
    "本地文件": 0.0108509,
    "刺杀": 0.0106776,
    "25万": 0.0106166,
    "38": 0.0106166,
    "2人": 0.0105924,
    "旅游": 0.0104466,
    "10亿": 0.0103844,
    "马斯克": 0.0103466,
    "预约": 0.0101088,
    "收购": 0.0094141,
    "终止": 0.0092174,
    "被判": 0.0091655,
    "谭乔": 0.0088914,
    "被告人": 0.0086095,
    "总理": 0.0085913,
    "子女": 0.0082696,
    "广西": 0.0081851,
    "卫星": 0.0080711,
    "行程": 0.0080137,
    "陈春花": 0.0078703,
    "清算": 0.007712,
    "印度": 0.007633,
    "世茂": 0.0075157,
    "拘留": 0.00736,
    "股份": 0.0072073,
    "企业": 0.0072009,
    "苏宁": 0.0071435,
    "迪士尼": 0.0069812,
    "发布": 0.0069708,
    "总监": 0.006923,
    "袁冰妍": 0.0068277,
    "总统": 0.0066532,
    "先行曲": 0.0064625,
    "局长": 0.0064137,
    "霍乱": 0.0063722,
    "合约": 0.0062782,
    "社会调剂": 0.0062729,
    "开分": 0.0062508,
    "供述": 0.0061228,
    "曝光": 0.0060322,
    "洪峤": 0.0059182,
    "安倍晋三": 0.0056842,
    "回家": 0.0055949,
    "茅台": 0.005534,
    "江西": 0.0054741,
    "彬彬": 0.0053737,
    "市政府": 0.0053026,
    "生下": 0.0051769,
    "治疗": 0.005173,
    "易购": 0.0051634,
    "失去": 0.0051016,
    "检测": 0.0050803,
    "5亿": 0.0047085,
    "性关系": 0.0046742,
    "实验室": 0.0044365,
    "传言": 0.0044342,
    "拖拽": 0.0044177,
    "米老鼠": 0.0044004,
    "违约": 0.0042502,
    "面包": 0.0041678,
    "山东": 0.0040762,
    "n年": 0.004063,
    "罗崇敏": 0.0039696,
    "北京": 0.0039574,
    "驾车": 0.0039211,
    "紧急状态": 0.0038234,
    "小树林": 0.0037489,
    "新歌": 0.0037466,
    "演员": 0.0037338,
    "盖章": 0.003724,
    "麦当劳": 0.0036757,
    "潜逃": 0.0035046,
    "节目": 0.0034847,
    "教育厅": 0.0034706,
    "被家暴": 0.0034084,
    "广播": 0.0033203,
    "版权": 0.0032911,
    "抱走": 0.0032466,
    "破产": 0.0032207,
    "放回": 0.0031968,
    "进屋": 0.0030302,
    "生命": 0.0030018,
    "推特": 0.0030008,
    "双胞胎": 0.0029888,
    "男友": 0.002943,
    "调剂": 0.0029201,
    "实施": 0.0029199,
    "被害案": 0.0029154,
    "作品": 0.0028934,
    "目标": 0.0028675,
    "被压": 0.0027513,
    "环保": 0.0027459,
    "转让": 0.0027407,
    "爆发": 0.0026694,
    "养父": 0.0026588,
    "职务": 0.0026143,
    "董卿": 0.0025158,
    "转绿码": 0.0024714,
    "辞去": 0.0024056,
    "七七事变": 0.0023757,
    "地球": 0.0023518,
    "取消": 0.0023212,
    "全面": 0.0023153,
    "杀人": 0.0022975,
    "洪某": 0.0022937,
    "ip地址": 0.0022913,
    "厅长": 0.0022814,
    "公务员": 0.0022752,
    "续约": 0.0022742,
    "台风": 0.0022539,
    "犯罪": 0.0022082,
    "起诉": 0.002207,
    "法院": 0.0022013,
    "66万": 0.002195,
    "判罚": 0.0021666,
    "美图": 0.0021307,
    "巴菲特": 0.0021007,
    "维护": 0.0020727,
    "强制执行": 0.0020633,
    "偷漏税": 0.0020325,
    "京东": 0.0020294,
    "爆料": 0.0019346,
    "买房车": 0.0019018,
    "辞退": 0.0018553,
    "经营": 0.0018472,
    "被害": 0.0017839,
    "倒地": 0.0017758,
    "轨道": 0.0017382,
    "法律责任": 0.0017245,
    "德国": 0.0017139,
    "我不是药神": 0.0017043,
    "欧洲": 0.0016598,
    "全县": 0.0016504,
    "b超": 0.0016143,
    "烤没": 0.0016143,
    "胸部": 0.0016137,
    "前一晚": 0.0016065,
    "97万": 0.0015576,
    "医学": 0.0015498,
    "传播": 0.0015236,
    "武汉": 0.0015034,
    "核酸": 0.0014495,
    "音乐": 0.0014426,
    "教授": 0.0014411,
    "检验": 0.0014354,
    "学历": 0.0014166,
    "货架": 0.001413,
    "报恩": 0.001411,
    "莱阳": 0.0014053,
    "前妻": 0.0013851,
    "快递": 0.0013502,
    "有限公司": 0.0013408,
    "赔偿": 0.0013362,
    "形象": 0.0013189,
    "遇害案": 0.001268,
    "躺平": 0.0012508,
    "85周年": 0.0012182,
    "被判赔": 0.001203,
    "涉事": 0.0011592,
    "重症": 0.0011347,
    "业务": 0.0011226,
    "4岁男童": 0.0011156,
    "拒绝": 0.0011121,
    "冲卡": 0.0010925,
    "中枪": 0.0010744,
    "政坛": 0.0010388,
    "妇联": 0.0010377,
    "道歉": 0.0010352,
    "体征": 0.001028,
    "被害人": 0.0010254,
    "顺利": 0.0010245,
    "维权": 0.0010188,
    "女高管": 0.0010088,
    "扎伤": 0.0010023,
    "被骗": 0.0009836,
    "炒币": 0.0009764,
    "拖进": 0.0009761,
    "律师": 0.0009694
}