{
    "公司": 0.9211665,
    "周杰伦": 0.7749418,
    "员工": 0.7466039,
    "孩子": 0.5533734,
    "斯里兰卡": 0.4699536,
    "宣布": 0.4248935,
    "约翰逊": 0.3621168,
    "用户": 0.2380817,
    "最伟大的作品": 0.2273552,
    "南京": 0.2189419,
    "武汉大学": 0.1984301,
    "苹果": 0.1949626,
    "余秀华": 0.1728829,
    "删除": 0.1696425,
    "警方": 0.1567807,
    "统一": 0.1370632,
    "唐山": 0.1351524,
    "家暴": 0.1150555,
    "华为": 0.1128911,
    "超生": 0.1,
    "安倍": 0.1,
    "雨衣男": 0.1,
    "终止": 0.0778697,
    "谭谈交通": 0.0770793,
    "霍乱病例": 0.0711115,
    "女孩": 0.0710868,
    "男子": 0.0682305,
    "全州": 0.063318,
    "下架": 0.0577325,
    "豆瓣": 0.0529258,
    "嫌疑人": 0.0523759,
    "违规": 0.05191,
    "总监": 0.0494992,
    "开启": 0.0479009,
    "母女": 0.0468218,
    "死刑": 0.0462593,
    "发射": 0.044152,
    "一例": 0.0426414,
    "集团": 0.0419354,
    "涉嫌": 0.0413168,
    "女大学生": 0.0400214,
    "两人": 0.0389135,
    "街道": 0.0337493,
    "招聘": 0.0334561,
    "内卷": 0.0331223,
    "侵权": 0.031576,
    "违法犯罪": 0.0310334,
    "数据库": 0.0307564,
    "辞职": 0.0295126,
    "预约": 0.0287166,
    "3亿": 0.0287135,
    "美元": 0.0286356,
    "英国首相": 0.0281253,
    "子女": 0.027352,
    "永久": 0.0271915,
    "云南": 0.0268933,
    "被封": 0.0268893,
    "特斯拉": 0.0260953,
    "总统": 0.0255845,
    "冰淇淋": 0.025406,
    "旅游": 0.0250419,
    "身亡": 0.0229904,
    "紧急状态": 0.0223663,
    "画面": 0.0221673,
    "乐视": 0.0211263,
    "致歉": 0.0202705,
    "苏州": 0.0201628,
    "10亿": 0.0198036,
    "北京": 0.019301,
    "宣判": 0.018188,
    "市政府": 0.0171282,
    "本地文件": 0.0167212,
    "总理": 0.0166938,
    "社会调剂": 0.0165808,
    "被判": 0.0163888,
    "江西": 0.0153092,
    "起火": 0.0152876,
    "生下": 0.0144523,
    "新专辑": 0.0142426,
    "广西": 0.0142113,
    "局长": 0.0138967,
    "2人": 0.0137536,
    "刺杀": 0.0137325,
    "美国": 0.0136898,
    "开分": 0.013107,
    "新东方": 0.0129245,
    "一审": 0.012617,
    "印度": 0.012454,
    "世茂": 0.0123274,
    "谭乔": 0.0121655,
    "迪士尼": 0.0115698,
    "袁冰妍": 0.0115194,
    "驾车": 0.0115047,
    "茅台": 0.0110159,
    "合约": 0.010853,
    "实验室": 0.0107222,
    "行程": 0.0102827,
    "京东": 0.0100715,
    "版权": 0.0099992,
    "先行曲": 0.0099859,
    "枪击": 0.0096998,
    "违约": 0.0096422,
    "比亚迪": 0.0093283,
    "抱走": 0.0091442,
    "实施": 0.0091118,
    "被家暴": 0.0089128,
    "清算": 0.0088329,
    "供述": 0.0086749,
    "收购": 0.0085301,
    "发布": 0.0084759,
    "英国": 0.0082256,
    "小树林": 0.0082255,
    "被压": 0.0080083,
    "性关系": 0.0078372,
    "曝光": 0.0077912,
    "双胞胎": 0.0074202,
    "电视台": 0.0073061,
    "陈春花": 0.007298,
    "调剂": 0.0072797,
    "彬彬": 0.0072331,
    "拖拽": 0.0071314,
    "米老鼠": 0.0071079,
    "传言": 0.0070137,
    "被告人": 0.0068628,
    "股份": 0.0068566,
    "被骗": 0.0067478,
    "治疗": 0.0066404,
    "被害案": 0.0065319,
    "起诉": 0.0065232,
    "潜逃": 0.0062895,
    "判罚": 0.0062432,
    "面包": 0.0062135,
    "快递": 0.0061398,
    "放回": 0.0060462,
    "爆发": 0.0057579,
    "七七事变": 0.0055436,
    "洪某": 0.0054111,
    "董卿": 0.0053571,
    "进屋": 0.0053307,
    "霍乱": 0.0052583,
    "强制执行": 0.0051122,
    "养父": 0.0048482,
    "盖章": 0.0048139,
    "天链": 0.0046958,
    "全县": 0.0045895,
    "麦当劳": 0.0045892,
    "66万": 0.0045877,
    "罗崇敏": 0.0045796,
    "苏宁": 0.0045358,
    "买房车": 0.0044494,
    "偷漏税": 0.0043961,
    "被害": 0.0043273,
    "教育厅": 0.0042967,
    "生命": 0.0042639,
    "目标": 0.0042055,
    "医学": 0.0041249,
    "我不是药神": 0.0041157,
    "检验": 0.0040786,
    "总部": 0.0040293,
    "全面": 0.00387,
    "失去": 0.0038124,
    "续约": 0.00376,
    "厅长": 0.0037131,
    "取消": 0.0036932,
    "易购": 0.0036561,
    "安倍晋三": 0.0036269,
    "转绿码": 0.0035262,
    "报恩": 0.0034784,
    "公务员": 0.0032842,
    "4岁男童": 0.0032557,
    "维权": 0.003255,
    "97万": 0.0032537,
    "转让": 0.0032094,
    "洪峤": 0.0032005,
    "马斯克": 0.003188,
    "85周年": 0.0031849,
    "遇害案": 0.0031396,
    "辞退": 0.0031155,
    "离婚": 0.0030638,
    "推特": 0.0030392,
    "美图": 0.0029657,
    "上报": 0.0029369,
    "女高管": 0.0028797,
    "扎伤": 0.0027484,
    "破产": 0.0027314,
    "德国": 0.0026513,
    "前一晚": 0.0025429,
    "前妻": 0.002528,
    "广播": 0.0024388,
    "妇联": 0.0024086,
    "货架": 0.0024079,
    "被判赔": 0.0024006,
    "欧洲": 0.0023685,
    "男友": 0.0023397,
    "巴菲特": 0.0022996,
    "炒币": 0.0022033,
    "倒地": 0.0021795,
    "祝贺": 0.0021631,
    "报警": 0.0021473,
    "冲卡": 0.0020844,
    "关闭": 0.0020645,
    "躺平": 0.002043,
    "营销": 0.002028,
    "检测": 0.0020075,
    "赶着": 0.0019593,
    "环保": 0.0019453,
    "浮亏": 0.0019064,
    "微信": 0.0019023,
    "回家": 0.0018773,
    "教授": 0.0018695,
    "新歌": 0.0018523,
    "胸部": 0.0018366,
    "北大": 0.00171,
    "辞去": 0.0016619,
    "体征": 0.0016616,
    "猥亵": 0.0016224,
    "莱阳": 0.0016151,
    "职务": 0.0016099,
    "炒至": 0.0015637,
    "重症": 0.0015262,
    "学历": 0.0014988,
    "传播": 0.0014717,
    "立案查处": 0.0014322,
    "拖走": 0.0013979,
    "卫星": 0.0013861,
    "企业": 0.0013805,
    "拒绝": 0.0013714,
    "山东": 0.0013472,
    "政坛": 0.0013113,
    "大学": 0.0012658,
    "道歉": 0.0012558,
    "批捕": 0.0012184,
    "掉地上": 0.0012025,
    "银行行长": 0.001197,
    "学生": 0.0011861,
    "中枪": 0.0011173,
    "颈部": 0.0010239,
    "经营": 0.0010146,
    "文件": 0.0010085,
    "演讲时": 0.000998,
    "刘翔": 0.0009679,
    "核实": 0.0009202,
    "法院": 0.0008712,
    "申请": 0.0008533,
    "全日制": 0.0008371,
    "赔偿": 0.0008216,
    "涉事": 0.000808,
    "突击": 0.0007961,
    "遇袭": 0.0007961,
    "警备": 0.0007786,
    "拘留": 0.0007774,
    "搜查": 0.0007582,
    "歌单": 0.0007209,
    "中同": 0.0007138,
    "蓝博": 0.0007138
}