{
    "周杰伦": 0.7631549,
    "员工": 0.6002504,
    "孩子": 0.5598726,
    "具体情况": 0.3129876,
    "家暴": 0.3007463,
    "公司": 0.2800862,
    "日本": 0.2583019,
    "唐山": 0.2558314,
    "统一": 0.249263,
    "最伟大的作品": 0.2373112,
    "警方": 0.2295967,
    "约翰逊": 0.2068916,
    "失去": 0.1782686,
    "南京": 0.1652664,
    "开启": 0.151248,
    "删除": 0.1469924,
    "嫌疑人": 0.1320266,
    "过于": 0.1302486,
    "下架": 0.1231351,
    "违规": 0.1207241,
    "宣布": 0.1147963,
    "武汉大学": 0.1037361,
    "安倍": 0.1,
    "身亡": 0.0963953,
    "女孩": 0.0935896,
    "余秀华": 0.0934326,
    "涉嫌": 0.0914121,
    "街道": 0.0879207,
    "预约": 0.0857848,
    "苹果": 0.0825813,
    "内卷": 0.0821466,
    "数据库": 0.0821013,
    "英国": 0.0800727,
    "特斯拉": 0.0790869,
    "美国": 0.0787686,
    "斯里兰卡": 0.0766797,
    "广西": 0.0766306,
    "招聘": 0.076368,
    "表述": 0.0749464,
    "新专辑": 0.0747962,
    "电视台": 0.0743091,
    "超生": 0.0728896,
    "永久": 0.0725173,
    "被罚": 0.0721046,
    "画面": 0.070309,
    "违法犯罪": 0.0696848,
    "离婚": 0.065737,
    "死刑": 0.0651375,
    "子女": 0.0651117,
    "正式": 0.0641001,
    "2人": 0.063636,
    "雨衣男": 0.0625969,
    "云南": 0.0624933,
    "苏州": 0.0620261,
    "豆瓣": 0.0610716,
    "英国首相": 0.060305,
    "一例": 0.0601996,
    "传闻": 0.0591479,
    "咨询": 0.0546818,
    "全州": 0.0523508,
    "致歉": 0.0523122,
    "3亿": 0.0497816,
    "美元": 0.0479431,
    "实验室": 0.0472575,
    "冰淇淋": 0.0469411,
    "新东方": 0.0459665,
    "起火": 0.0459276,
    "宣判": 0.0455714,
    "母女": 0.0451233,
    "行程": 0.0445445,
    "发布": 0.0440335,
    "路子": 0.0434305,
    "市政府": 0.0425472,
    "形象": 0.0424698,
    "学校IP": 0.0417227,
    "新歌": 0.041587,
    "刺杀": 0.0401647,
    "枪击": 0.0399132,
    "侵权": 0.0378853,
    "旅游": 0.0376047,
    "检测": 0.0372705,
    "霍乱病例": 0.037126,
    "地上": 0.0366853,
    "作品": 0.0355241,
    "山东": 0.0352688,
    "收购": 0.0344558,
    "股份": 0.0335723,
    "被告人": 0.0335154,
    "10亿": 0.0331768,
    "曝光": 0.0328789,
    "迪士尼": 0.0327688,
    "比亚迪": 0.0323341,
    "乐视": 0.0320229,
    "总理": 0.0319793,
    "举动": 0.0319286,
    "印度": 0.0314844,
    "被判": 0.0304121,
    "节目": 0.0302186,
    "供述": 0.0298351,
    "江西": 0.0296487,
    "拘留": 0.0292868,
    "演员": 0.0291116,
    "女大学生": 0.0285645,
    "终止": 0.0285181,
    "合约": 0.0283215,
    "局长": 0.0278209,
    "社会调剂": 0.0275447,
    "广播": 0.0271942,
    "先行曲": 0.0268778,
    "治疗": 0.0259259,
    "茅台": 0.0252736,
    "马斯克": 0.0252655,
    "发射": 0.0252069,
    "生命": 0.0251389,
    "维护": 0.0250892,
    "会同": 0.0247339,
    "当初": 0.0243528,
    "谭乔": 0.0236702,
    "总统": 0.0234898,
    "目标": 0.0232417,
    "3.5亿": 0.0229983,
    "清算": 0.0229293,
    "辞职": 0.0228297,
    "驾车": 0.0224882,
    "总监": 0.0219306,
    "男友": 0.0219217,
    "全面": 0.0218941,
    "爆发": 0.0205803,
    "取消": 0.0205252,
    "世茂": 0.0201663,
    "杀人": 0.0200521,
    "学生": 0.0199294,
    "华为": 0.0195772,
    "法律责任": 0.0195278,
    "欧洲": 0.0194088,
    "米老鼠": 0.0192222,
    "调剂": 0.0190556,
    "医学": 0.0190424,
    "法院": 0.0189228,
    "职务": 0.0182459,
    "检验": 0.018172,
    "抱走": 0.0180423,
    "全县": 0.0178464,
    "谭谈交通": 0.0175192,
    "男子": 0.0174697,
    "彬彬": 0.0173491,
    "破产": 0.0173021,
    "性关系": 0.0172919,
    "版权": 0.0171629,
    "公务员": 0.0170851,
    "卫星": 0.017009,
    "面包": 0.0169884,
    "地球": 0.0169452,
    "实施": 0.0168864,
    "德国": 0.0168483,
    "洪峤": 0.0168269,
    "传播": 0.016763,
    "转让": 0.0167037,
    "辞去": 0.016671,
    "推特": 0.0165763,
    "核酸": 0.0165173,
    "上线": 0.0164912,
    "音乐": 0.0163082,
    "传言": 0.0162983,
    "开分": 0.0160614,
    "起诉": 0.0158883,
    "违约": 0.015729,
    "业务": 0.015499,
    "环保": 0.0154845,
    "袁冰妍": 0.0145396,
    "本地文件": 0.0144982,
    "潜逃": 0.0144851,
    "以太": 0.0144426,
    "健康": 0.0144116,
    "一审": 0.0140386,
    "判罚": 0.0138989,
    "大学": 0.0138803,
    "工作人员": 0.0136913,
    "道歉": 0.0135791,
    "犯罪": 0.0133178,
    "陈春花": 0.0133005,
    "武汉": 0.0129804,
    "教授": 0.0128242,
    "河南": 0.0128217,
    "躺平": 0.0127479,
    "双胞胎": 0.012733,
    "38.25万": 0.0124083,
    "麦当劳": 0.0123729,
    "洪某": 0.0122281,
    "协商": 0.0122115,
    "律师": 0.0121775,
    "赔偿": 0.0121591,
    "症状": 0.012136,
    "安倍晋三": 0.0120674,
    "没了": 0.011999,
    "申请": 0.01199,
    "拒绝": 0.0119485,
    "抗议": 0.0118155,
    "辞退": 0.0117874,
    "不予": 0.0115277,
    "苏宁": 0.0113401,
    "盖章": 0.0111502,
    "母亲": 0.0110902,
    "京东": 0.0110836,
    "手机": 0.0110817,
    "前一晚": 0.0110604,
    "拖拽": 0.0109872,
    "案一审": 0.0109374,
    "两人": 0.0109079,
    "大河": 0.0108797,
    "经营": 0.0107708,
    "学历": 0.010572,
    "钟薛高": 0.0105642,
    "中枪": 0.0104763,
    "生下": 0.010468,
    "办公室": 0.0104574,
    "罗崇敏": 0.0103458,
    "维权": 0.0102916,
    "主持人": 0.0102452,
    "体征": 0.0100254,
    "教育厅": 0.0098337,
    "续约": 0.0097143,
    "涉事": 0.0096983,
    "政坛": 0.0096616,
    "贵州": 0.0096579,
    "卫报": 0.0096141,
    "企业": 0.0095914,
    "紧急状态": 0.0095783,
    "问号": 0.00955,
    "霍乱": 0.0095369,
    "转绿码": 0.0095094,
    "易购": 0.0094568,
    "争议": 0.0092447,
    "七七事变": 0.0092096,
    "无锡": 0.0091738,
    "四川": 0.0091449,
    "我不是药神": 0.0091191,
    "用户": 0.0090787,
    "进屋": 0.0090358,
    "听说": 0.0089316,
    "全网": 0.0089166,
    "激烈": 0.0089015,
    "被判赔": 0.0088867,
    "文件": 0.0088859,
    "袭击": 0.008864,
    "资本": 0.0088443,
    "WPS": 0.0088282,
    "厅长": 0.0087612,
    "核实": 0.0086238,
    "美国会": 0.0086199,
    "巴菲特": 0.0085974,
    "访问": 0.0085604,
    "违反": 0.0085361,
    "禁止": 0.0085029,
    "小树林": 0.0083886,
    "胸部": 0.0083254
}