{
    "周杰伦": 0.7631535,
    "员工": 0.6002504,
    "家暴": 0.3007463,
    "公司": 0.2800814,
    "日本": 0.258301,
    "唐山": 0.2558308,
    "统一": 0.2492646,
    "最伟大的作品": 0.2373125,
    "警方": 0.2295966,
    "约翰逊": 0.2068916,
    "南京": 0.1652663,
    "开启": 0.1512484,
    "删除": 0.1469924,
    "嫌疑人": 0.1320266,
    "下架": 0.1231351,
    "违规": 0.1207241,
    "宣布": 0.1147963,
    "武汉大学": 0.1037361,
    "安倍": 0.1,
    "身亡": 0.0963953,
    "女孩": 0.0936006,
    "余秀华": 0.0934326,
    "涉嫌": 0.0914134,
    "街道": 0.0879214,
    "预约": 0.0857852,
    "苹果": 0.0825813,
    "内卷": 0.0821466,
    "数据库": 0.0821013,
    "英国": 0.0800727,
    "特斯拉": 0.0790869,
    "美国": 0.0787686,
    "斯里兰卡": 0.0766797,
    "广西": 0.076631,
    "招聘": 0.0763684,
    "新专辑": 0.074795,
    "电视台": 0.0743091,
    "超生": 0.0728902,
    "永久": 0.0725173,
    "被罚": 0.0724907,
    "画面": 0.070309,
    "违法犯罪": 0.0696857,
    "离婚": 0.0657364,
    "死刑": 0.0651375,
    "子女": 0.0651123,
    "2人": 0.0636359,
    "雨衣男": 0.0625969,
    "云南": 0.0624941,
    "苏州": 0.0620261,
    "豆瓣": 0.0610764,
    "英国首相": 0.060305,
    "一例": 0.0601996,
    "传闻": 0.0591487,
    "全州": 0.0523513,
    "致歉": 0.0523127,
    "3亿": 0.0497876,
    "美元": 0.0479475,
    "实验室": 0.0472577,
    "冰淇淋": 0.0469411,
    "新东方": 0.0459665,
    "起火": 0.0459276,
    "宣判": 0.0455713,
    "母女": 0.0451233,
    "行程": 0.0445445,
    "发布": 0.0440332,
    "市政府": 0.0425476,
    "形象": 0.0424699,
    "新歌": 0.0415868,
    "刺杀": 0.0401647,
    "枪击": 0.0399132,
    "侵权": 0.0378853,
    "旅游": 0.0376094,
    "检测": 0.0372705,
    "霍乱病例": 0.037126,
    "地上": 0.0366853,
    "作品": 0.0355238,
    "山东": 0.0352688,
    "收购": 0.0344558,
    "股份": 0.0335723,
    "被告人": 0.0335154,
    "10亿": 0.0331804,
    "曝光": 0.0328789,
    "迪士尼": 0.0327689,
    "比亚迪": 0.0323341,
    "乐视": 0.0320229,
    "总理": 0.0319793,
    "印度": 0.0314843,
    "被判": 0.0304121,
    "节目": 0.0302186,
    "a股": 0.0300786,
    "供述": 0.0298351,
    "江西": 0.0296487,
    "拘留": 0.0292868,
    "演员": 0.029114,
    "女大学生": 0.0285645,
    "终止": 0.0285181,
    "合约": 0.0283215,
    "局长": 0.0278209,
    "社会调剂": 0.0275449,
    "广播": 0.0271942,
    "先行曲": 0.026878,
    "治疗": 0.0259259,
    "茅台": 0.0252735,
    "马斯克": 0.0252655,
    "发射": 0.0252069,
    "生命": 0.0251389,
    "维护": 0.0250891,
    "谭乔": 0.0236702,
    "总统": 0.0234898,
    "目标": 0.0232417,
    "清算": 0.0229297,
    "辞职": 0.0228297,
    "驾车": 0.0224882,
    "总监": 0.0219306,
    "男友": 0.0219217,
    "全面": 0.0218941,
    "爆发": 0.0205803,
    "取消": 0.0205252,
    "世茂": 0.0201683,
    "杀人": 0.0200521,
    "学生": 0.0199294,
    "华为": 0.019577,
    "法律责任": 0.0195278,
    "欧洲": 0.0194088,
    "米老鼠": 0.0192223,
    "调剂": 0.0190558,
    "医学": 0.0190426,
    "法院": 0.0189228,
    "职务": 0.0182459,
    "检验": 0.0181722,
    "抱走": 0.0180424,
    "全县": 0.0178465,
    "谭谈交通": 0.0175192,
    "男子": 0.0174691,
    "彬彬": 0.0173491,
    "破产": 0.0173019,
    "性关系": 0.0172919,
    "版权": 0.0171628,
    "公务员": 0.0170851,
    "卫星": 0.017009,
    "面包": 0.0169884,
    "地球": 0.0169452,
    "实施": 0.0168864,
    "德国": 0.0168483,
    "洪峤": 0.0168269,
    "传播": 0.016763,
    "转让": 0.0167037,
    "辞去": 0.016671,
    "推特": 0.0165763,
    "核酸": 0.0165173,
    "上线": 0.0164911,
    "音乐": 0.0163083,
    "传言": 0.0162986,
    "开分": 0.0160626,
    "违约": 0.0157313,
    "业务": 0.0154991,
    "环保": 0.0154845,
    "袁冰妍": 0.0145406,
    "本地文件": 0.0144982,
    "潜逃": 0.0144851,
    "健康": 0.0144115,
    "一审": 0.0140387,
    "判罚": 0.0138989,
    "大学": 0.0138803,
    "工作人员": 0.0136912,
    "道歉": 0.0135799,
    "犯罪": 0.0133178,
    "陈春花": 0.0133007,
    "武汉": 0.0129804,
    "河南": 0.0128217,
    "躺平": 0.0127479,
    "双胞胎": 0.012733,
    "麦当劳": 0.0123729,
    "洪某": 0.0122281,
    "协商": 0.0122115,
    "律师": 0.0121775,
    "赔偿": 0.0121591,
    "安倍晋三": 0.0120674,
    "申请": 0.01199,
    "拒绝": 0.0119485,
    "抗议": 0.0118155,
    "辞退": 0.0117874,
    "苏宁": 0.0113402,
    "盖章": 0.0111503,
    "母亲": 0.0110902,
    "京东": 0.0110836,
    "手机": 0.0110815,
    "前一晚": 0.0110604,
    "拖拽": 0.0109872,
    "案一审": 0.0109374,
    "两人": 0.0109069,
    "经营": 0.0107707,
    "学历": 0.010572,
    "钟薛高": 0.0105641,
    "中枪": 0.0104763,
    "生下": 0.010468,
    "办公室": 0.0104574,
    "罗崇敏": 0.0103459,
    "维权": 0.0102916,
    "主持人": 0.0102452,
    "体征": 0.0100254,
    "教育厅": 0.0098339,
    "续约": 0.0097143,
    "涉事": 0.0096983,
    "政坛": 0.0096616,
    "贵州": 0.0096579,
    "企业": 0.0095914,
    "紧急状态": 0.0095783,
    "霍乱": 0.0095369,
    "转绿码": 0.0095095,
    "易购": 0.0094569,
    "争议": 0.0092447,
    "七七事变": 0.0092096,
    "无锡": 0.0091739,
    "四川": 0.0091449,
    "我不是药神": 0.0091191,
    "用户": 0.0090787,
    "进屋": 0.0090358,
    "全网": 0.0089166,
    "激烈": 0.0089015,
    "被判赔": 0.0088867,
    "文件": 0.0088859,
    "袭击": 0.008864,
    "资本": 0.0088443,
    "厅长": 0.0087613,
    "巴菲特": 0.0085974,
    "访问": 0.0085604,
    "违反": 0.0085361,
    "禁止": 0.0085025,
    "小树林": 0.0083877,
    "胸部": 0.0083254,
    "卫生服务中心": 0.008026,
    "案例": 0.0079991,
    "起诉": 0.0079943,
    "孩子": 0.0079552,
    "疑似": 0.0078885,
    "神仙": 0.0078572,
    "好听": 0.0078561,
    "症状": 0.0077519,
    "重庆": 0.0077174,
    "死亡": 0.0076668,
    "倒地": 0.0076388,
    "社保": 0.0075969,
    "偷漏税": 0.0075752,
    "猥亵": 0.0075554,
    "报警": 0.0074074,
    "教授": 0.0073266,
    "领导人": 0.0073193,
    "快递": 0.0073155,
    "核实": 0.0072959
}