{
    "周杰伦": 0.7724045,
    "员工": 0.598687,
    "公司": 0.2924869,
    "日本": 0.2589883,
    "最伟大的作品": 0.2409043,
    "警方": 0.2407639,
    "约翰逊": 0.2096477,
    "南京": 0.1727759,
    "删除": 0.1455398,
    "家暴": 0.1415423,
    "嫌疑人": 0.1312811,
    "下架": 0.1213869,
    "违规": 0.1180197,
    "宣布": 0.1129322,
    "唐山": 0.1079193,
    "武汉大学": 0.1033535,
    "安倍": 0.1,
    "身亡": 0.095676,
    "余秀华": 0.0947206,
    "女孩": 0.0911893,
    "a股": 0.0904945,
    "涉嫌": 0.0885708,
    "被罚": 0.0872374,
    "街道": 0.0855475,
    "美国": 0.0824107,
    "苹果": 0.0814431,
    "数据库": 0.0809992,
    "内卷": 0.0809163,
    "英国": 0.0806191,
    "特斯拉": 0.0774127,
    "斯里兰卡": 0.0759036,
    "新专辑": 0.0756262,
    "电视台": 0.0734225,
    "永久": 0.0704466,
    "画面": 0.0689643,
    "被封": 0.0680848,
    "违法犯罪": 0.0676775,
    "集团": 0.0675314,
    "开启": 0.0668294,
    "死刑": 0.0652805,
    "离婚": 0.0650826,
    "2人": 0.0629687,
    "雨衣男": 0.0623293,
    "苏州": 0.0609908,
    "英国首相": 0.0607345,
    "云南": 0.0605314,
    "豆瓣": 0.0603643,
    "一例": 0.0595575,
    "宣判": 0.0508055,
    "致歉": 0.0507471,
    "3亿": 0.0480905,
    "冰淇淋": 0.0468724,
    "美元": 0.0465981,
    "回家": 0.045552,
    "新东方": 0.0455273,
    "起火": 0.04532,
    "母女": 0.0449223,
    "孩子": 0.0446161,
    "行程": 0.0433128,
    "新歌": 0.0416267,
    "枪击": 0.03958,
    "刺杀": 0.0395092,
    "失去": 0.0382793,
    "侵权": 0.0378558,
    "发布": 0.0378039,
    "预约": 0.0372103,
    "霍乱病例": 0.0369457,
    "一审": 0.0366297,
    "旅游": 0.036275,
    "检测": 0.0360497,
    "作品": 0.0350488,
    "茅台": 0.0341423,
    "收购": 0.033937,
    "招聘": 0.0338372,
    "山东": 0.0337469,
    "被告人": 0.0335084,
    "女大学生": 0.0329291,
    "股份": 0.0328557,
    "广西": 0.0327223,
    "超生": 0.0324536,
    "10亿": 0.0321876,
    "乐视": 0.0319569,
    "曝光": 0.0318334,
    "比亚迪": 0.0316515,
    "印度": 0.0315453,
    "总理": 0.0313915,
    "被判": 0.0302731,
    "节目": 0.0295247,
    "供述": 0.0289753,
    "拘留": 0.0285094,
    "江西": 0.0283583,
    "子女": 0.0282902,
    "演员": 0.0282415,
    "局长": 0.027773,
    "合约": 0.0277502,
    "终止": 0.0273329,
    "广播": 0.0267021,
    "生下": 0.0262881,
    "先行曲": 0.0261061,
    "治疗": 0.02523,
    "马斯克": 0.024829,
    "版权": 0.0241038,
    "发射": 0.024022,
    "谭乔": 0.0236171,
    "维护": 0.0234261,
    "全州": 0.0232417,
    "总统": 0.0228146,
    "生命": 0.0227272,
    "清算": 0.0223177,
    "目标": 0.0222395,
    "驾车": 0.0222351,
    "男友": 0.0218047,
    "辞职": 0.0217331,
    "学校ip": 0.0213172,
    "总监": 0.0212074,
    "爆料": 0.0211758,
    "犯罪": 0.0211114,
    "全面": 0.0203734,
    "爆发": 0.0201769,
    "实验室": 0.0199017,
    "取消": 0.0198967,
    "世茂": 0.0196951,
    "学生": 0.0196089,
    "华为": 0.0191564,
    "杀人": 0.0190803,
    "欧洲": 0.0187457,
    "法律责任": 0.0186772,
    "职务": 0.0186251,
    "市政府": 0.0185849,
    "法院": 0.0182861,
    "谭谈交通": 0.0173895,
    "男子": 0.0173624,
    "破产": 0.0171396,
    "性关系": 0.0169298,
    "洪峤": 0.0169115,
    "彬彬": 0.0169034,
    "公务员": 0.0165776,
    "面包": 0.0165057,
    "转让": 0.0164653,
    "北京": 0.0163361,
    "上线": 0.0162523,
    "推特": 0.0162459,
    "辞去": 0.0161974,
    "卫星": 0.0161448,
    "地球": 0.0160967,
    "音乐": 0.0160936,
    "放回": 0.0160777,
    "德国": 0.015989,
    "实施": 0.0158707,
    "开分": 0.015834,
    "被压": 0.0157855,
    "传言": 0.0157153,
    "核酸": 0.0157076,
    "传播": 0.0156258,
    "形象": 0.0151532,
    "环保": 0.0150926,
    "违约": 0.0150365,
    "迪士尼": 0.0145768,
    "被害案": 0.0144878,
    "袁冰妍": 0.0143709,
    "本地文件": 0.0143064,
    "潜逃": 0.014151,
    "工作人员": 0.0138425,
    "判罚": 0.0137407,
    "陈春花": 0.0130335,
    "道歉": 0.0128179,
    "双胞胎": 0.0127121,
    "武汉": 0.012526,
    "大学": 0.0123551,
    "躺平": 0.0122905,
    "洪某": 0.0122066,
    "社会调剂": 0.0121981,
    "安倍晋三": 0.012033,
    "钢琴": 0.0120329,
    "电视": 0.0120188,
    "律师": 0.0120127,
    "麦当劳": 0.0119995,
    "协商": 0.0119066,
    "教授": 0.0118487,
    "抗议": 0.0116429,
    "业务": 0.0116345,
    "拒绝": 0.0115514,
    "症状": 0.0114726,
    "赔偿": 0.0113968,
    "两人": 0.0113564,
    "辞退": 0.0113506,
    "苏宁": 0.0111887,
    "调剂": 0.0111375,
    "盖章": 0.0108564,
    "申请": 0.0108364,
    "拖拽": 0.0107854,
    "25万": 0.0106166,
    "38": 0.0106166,
    "京东": 0.0106073,
    "前一晚": 0.0105412,
    "核酸检测": 0.0105185,
    "学历": 0.010366,
    "中枪": 0.0102828,
    "疾控中心": 0.0102795,
    "经营": 0.0102009,
    "钟薛高": 0.0101519,
    "罗崇敏": 0.0100564,
    "主持人": 0.0098812,
    "维权": 0.0097221,
    "教育厅": 0.0095398,
    "政坛": 0.0094838,
    "霍乱": 0.0094606,
    "续约": 0.0094077,
    "紧急状态": 0.0094002,
    "体征": 0.0093953,
    "敏感": 0.0093552,
    "被家暴": 0.0093319,
    "易购": 0.0092958,
    "转绿码": 0.0092465,
    "七七事变": 0.0091696,
    "小树林": 0.0091174,
    "涉事": 0.0090617,
    "办公室": 0.0090205,
    "我不是药神": 0.0089905,
    "岗位": 0.0089681,
    "无锡": 0.0088408,
    "进屋": 0.0088407,
    "有限公司": 0.0088311,
    "激烈": 0.0088109,
    "统一": 0.0087736,
    "争议": 0.0087501,
    "母亲": 0.0086998,
    "袭击": 0.0086584,
    "米老鼠": 0.0085731,
    "用户": 0.0085564,
    "被判赔": 0.0085309,
    "企业": 0.0085141,
    "厅长": 0.0084563,
    "全网": 0.0084257,
    "巴菲特": 0.0084205,
    "被害人": 0.0083916,
    "文件": 0.0083887,
    "剥夺": 0.0083717,
    "禁止": 0.0083526,
    "违反": 0.0082343,
    "胸部": 0.0082202,
    "四川": 0.0081878,
    "核实": 0.0081709,
    "访问": 0.0081019,
    "资本": 0.0080723,
    "手机": 0.0080255,
    "抱走": 0.0079558,
    "顺利": 0.0079526,
    "阳性": 0.0079476,
    "起诉": 0.0078723,
    "医学": 0.0078328,
    "全县": 0.0078306,
    "神仙": 0.0076617,
    "疑似": 0.0076504
}