{
    "周杰伦": 0.7842356,
    "员工": 0.5582108,
    "孩子": 0.4933461,
    "家暴": 0.2571059,
    "约翰逊": 0.2069601,
    "用户": 0.175262,
    "华为": 0.1507918,
    "最伟大的作品": 0.1450283,
    "警方": 0.1355387,
    "唐山": 0.1217736,
    "统一": 0.1169713,
    "删除": 0.1053639,
    "武汉大学": 0.1021144,
    "斯里兰卡": 0.1010823,
    "日本": 0.1007873,
    "安倍": 0.1,
    "南京": 0.0891149,
    "余秀华": 0.0826275,
    "宣布": 0.0762415,
    "超生": 0.0727997,
    "学生": 0.0717177,
    "公司": 0.0701124,
    "雨衣男": 0.0625751,
    "苹果": 0.0567061,
    "辞职": 0.0491938,
    "嫌疑人": 0.0491459,
    "谭谈交通": 0.0442216,
    "全州": 0.042721,
    "女孩": 0.041482,
    "违规": 0.0403749,
    "下架": 0.0399406,
    "数据库": 0.036259,
    "豆瓣": 0.0360602,
    "男子": 0.0360501,
    "招聘": 0.0356881,
    "母女": 0.0339772,
    "开启": 0.0333469,
    "特斯拉": 0.0325551,
    "涉嫌": 0.0321319,
    "霍乱病例": 0.0316712,
    "a股": 0.0300561,
    "英国": 0.0261968,
    "违法犯罪": 0.0259451,
    "身亡": 0.0257456,
    "街道": 0.0254032,
    "死刑": 0.0237751,
    "一例": 0.0237096,
    "内卷": 0.0236561,
    "预约": 0.0228869,
    "传闻": 0.0227317,
    "被罚": 0.022004,
    "英国首相": 0.0215986,
    "永久": 0.0211054,
    "美国": 0.0207895,
    "乐视": 0.0202511,
    "两人": 0.0193272,
    "苏州": 0.0190466,
    "子女": 0.0188859,
    "广西": 0.0186524,
    "画面": 0.0173491,
    "云南": 0.017157,
    "离婚": 0.0170357,
    "美元": 0.0167422,
    "女大学生": 0.0164644,
    "迪士尼": 0.0156705,
    "新专辑": 0.0154437,
    "起火": 0.0151682,
    "电视台": 0.0145268,
    "新东方": 0.0144405,
    "致歉": 0.0141866,
    "社会调剂": 0.0141501,
    "3亿": 0.0133664,
    "具体情况": 0.0132639,
    "宣判": 0.01326,
    "侵权": 0.0132048,
    "发射": 0.0127781,
    "市政府": 0.0121208,
    "冰淇淋": 0.0114726,
    "比亚迪": 0.0111078,
    "枪击": 0.0110028,
    "本地文件": 0.0109629,
    "刺杀": 0.0108433,
    "旅游": 0.0108184,
    "2人": 0.0107213,
    "10亿": 0.0107079,
    "马斯克": 0.0105051,
    "实验室": 0.0102074,
    "米老鼠": 0.0098546,
    "终止": 0.0096085,
    "收购": 0.0095435,
    "被判": 0.0091978,
    "地上": 0.0091815,
    "调剂": 0.0091699,
    "谭乔": 0.0089299,
    "总理": 0.0087494,
    "被告人": 0.0085854,
    "卫星": 0.0084547,
    "行程": 0.0082619,
    "陈春花": 0.0080277,
    "清算": 0.0079266,
    "世茂": 0.0077005,
    "企业": 0.0076461,
    "印度": 0.0076091,
    "拘留": 0.0075604,
    "抱走": 0.007355,
    "股份": 0.0073464,
    "发布": 0.0072774,
    "苏宁": 0.0072506,
    "总监": 0.0071595,
    "学校ip": 0.007085,
    "不爱我就拉倒": 0.0070188,
    "袁冰妍": 0.0069048,
    "总统": 0.0068027,
    "先行曲": 0.0066528,
    "局长": 0.0064249,
    "合约": 0.0064073,
    "霍乱": 0.0064047,
    "开分": 0.0063418,
    "供述": 0.0063196,
    "曝光": 0.0062199,
    "形象": 0.005891,
    "洪峤": 0.0058895,
    "安倍晋三": 0.0057005,
    "江西": 0.0055843,
    "彬彬": 0.0055156,
    "易购": 0.0052613,
    "治疗": 0.0052501,
    "检测": 0.0051749,
    "性关系": 0.0047722,
    "传言": 0.0045988,
    "拖拽": 0.0045004,
    "违约": 0.0044464,
    "面包": 0.0042893,
    "山东": 0.0042162,
    "罗崇敏": 0.0040818,
    "一审": 0.0040386,
    "驾车": 0.0039779,
    "演员": 0.0038964,
    "紧急状态": 0.0038958,
    "盖章": 0.0038121,
    "麦当劳": 0.0037906,
    "全县": 0.0037534,
    "新歌": 0.0037519,
    "医学": 0.0036475,
    "潜逃": 0.0035874,
    "教育厅": 0.0035758,
    "节目": 0.0035412,
    "25万": 0.0035172,
    "38": 0.0035172,
    "广播": 0.0033679,
    "检验": 0.0033539,
    "破产": 0.003225,
    "生命": 0.0032021,
    "失去": 0.0031208,
    "进屋": 0.0030972,
    "正式": 0.0030721,
    "推特": 0.0030618,
    "实施": 0.0030363,
    "双胞胎": 0.0029933,
    "目标": 0.00297,
    "男友": 0.0029575,
    "作品": 0.0028977,
    "环保": 0.002809,
    "转让": 0.0027777,
    "养父": 0.0027574,
    "爆发": 0.0027133,
    "董卿": 0.0026043,
    "职务": 0.0025954,
    "转绿码": 0.0025408,
    "地球": 0.0024652,
    "辞去": 0.0024298,
    "全面": 0.0024101,
    "取消": 0.0023998,
    "七七事变": 0.0023909,
    "扎伤": 0.0023864,
    "台风": 0.0023715,
    "厅长": 0.0023631,
    "杀人": 0.0023514,
    "续约": 0.0023478,
    "公务员": 0.0023347,
    "洪某": 0.0022983,
    "66万": 0.0022817,
    "法院": 0.0022491,
    "起诉": 0.0022491,
    "小树林": 0.0022156,
    "美图": 0.002209,
    "判罚": 0.0021921,
    "维护": 0.0021735,
    "巴菲特": 0.0021433,
    "强制执行": 0.0021426,
    "京东": 0.0021078,
    "偷漏税": 0.0020757,
    "生下": 0.0020287,
    "经营": 0.0020273,
    "被害案": 0.0020114,
    "买房车": 0.0019796,
    "辞退": 0.0019298,
    "上报": 0.0018616,
    "被害": 0.0018559,
    "倒地": 0.0018134,
    "德国": 0.0018122,
    "法律责任": 0.0017937,
    "茅台": 0.0017423,
    "我不是药神": 0.0017282,
    "欧洲": 0.0016986,
    "前一晚": 0.0016903,
    "胸部": 0.0016334,
    "97万": 0.0015979,
    "传播": 0.0015889,
    "5亿": 0.0015674,
    "武汉": 0.0015594,
    "教授": 0.0015452,
    "核酸": 0.001523,
    "音乐": 0.0014872,
    "报恩": 0.0014719,
    "货架": 0.0014685,
    "业务": 0.0014594,
    "学历": 0.0014401,
    "莱阳": 0.0014367,
    "前妻": 0.00143,
    "快递": 0.0014278,
    "版权": 0.0013883,
    "全州县": 0.0013815,
    "赔偿": 0.0013803,
    "n年": 0.0013527,
    "案一审": 0.0013141,
    "躺平": 0.0012925,
    "版权保护": 0.0012625,
    "被判赔": 0.0012547,
    "85周年": 0.001233,
    "涉事": 0.0012167,
    "重症": 0.0011558,
    "拒绝": 0.0011504,
    "冲卡": 0.0011475,
    "4岁男童": 0.0011321,
    "体征": 0.0010963,
    "中枪": 0.001096,
    "道歉": 0.0010807,
    "犯罪": 0.0010674,
    "维权": 0.0010617,
    "政坛": 0.0010588,
    "妇联": 0.0010473,
    "遇害案": 0.0010446,
    "被骗": 0.0010341,
    "炒币": 0.0010232,
    "女高管": 0.001015
}