{
    "公司": 0.9535395,
    "周杰伦": 0.7889791,
    "员工": 0.6938329,
    "斯里兰卡": 0.4813403,
    "孩子": 0.4798456,
    "下架": 0.448058,
    "约翰逊": 0.362117,
    "宣布": 0.2392233,
    "辞职": 0.2355444,
    "用户": 0.2309787,
    "武汉大学": 0.1856392,
    "余秀华": 0.1520524,
    "最伟大的作品": 0.136441,
    "苹果": 0.1337422,
    "删除": 0.1219759,
    "南京": 0.1144464,
    "超生": 0.1,
    "安倍": 0.1,
    "雨衣男": 0.1,
    "华为": 0.0989918,
    "警方": 0.0877789,
    "谭谈交通": 0.0773036,
    "统一": 0.0643055,
    "唐山": 0.064023,
    "霍乱病例": 0.0571678,
    "家暴": 0.0565465,
    "全州": 0.0517397,
    "母女": 0.0352685,
    "豆瓣": 0.0312417,
    "学生": 0.0309287,
    "女孩": 0.0307935,
    "终止": 0.0249403,
    "发射": 0.0223373,
    "女大学生": 0.0214269,
    "男子": 0.0211133,
    "嫌疑人": 0.0190329,
    "违规": 0.0173059,
    "死刑": 0.01674,
    "一例": 0.0165773,
    "总监": 0.0161704,
    "招聘": 0.0156266,
    "集团": 0.0151996,
    "涉嫌": 0.0142267,
    "失去": 0.013983,
    "两人": 0.0136141,
    "数据库": 0.0135524,
    "乐视": 0.0133638,
    "本地文件": 0.0126841,
    "违法犯罪": 0.0114123,
    "侵权": 0.0109849,
    "特斯拉": 0.0106555,
    "开启": 0.0105472,
    "英国首相": 0.0100707,
    "美元": 0.0099476,
    "街道": 0.0097327,
    "内卷": 0.0095403,
    "紧急状态": 0.0090969,
    "社会调剂": 0.0085259,
    "子女": 0.0079346,
    "永久": 0.0078893,
    "总统": 0.0078448,
    "预约": 0.0076502,
    "3亿": 0.0076424,
    "云南": 0.0073522,
    "旅游": 0.0071668,
    "被封": 0.0071392,
    "10亿": 0.0063417,
    "身亡": 0.0061971,
    "苏州": 0.0061918,
    "冰淇淋": 0.0061298,
    "迪士尼": 0.0055367,
    "袁冰妍": 0.0054706,
    "致歉": 0.0054232,
    "画面": 0.0054189,
    "宣判": 0.0052634,
    "开分": 0.0051755,
    "起火": 0.005047,
    "被判": 0.0049508,
    "市政府": 0.0048864,
    "世茂": 0.0046981,
    "谭乔": 0.0044474,
    "陈春花": 0.0044071,
    "总理": 0.0042368,
    "一审": 0.0041782,
    "新东方": 0.0040795,
    "抱走": 0.0037311,
    "刺杀": 0.0036933,
    "米老鼠": 0.0036458,
    "调剂": 0.0035075,
    "广西": 0.0034053,
    "小树林": 0.0033794,
    "广播": 0.0032527,
    "被家暴": 0.0032255,
    "局长": 0.0032054,
    "比亚迪": 0.0031899,
    "清算": 0.0030504,
    "印度": 0.003027,
    "拘留": 0.0030052,
    "美国": 0.0029572,
    "拖拽": 0.0029213,
    "苏宁": 0.0028918,
    "江西": 0.0028453,
    "生下": 0.002843,
    "霍乱": 0.0027914,
    "违约": 0.0027192,
    "版权": 0.0026829,
    "枪击": 0.0026163,
    "英国": 0.0025986,
    "先行曲": 0.0024719,
    "合约": 0.0024556,
    "收购": 0.002361,
    "2人": 0.0023078,
    "实验室": 0.002307,
    "彬彬": 0.0022995,
    "性关系": 0.0021627,
    "易购": 0.0020276,
    "驾车": 0.0020119,
    "养父": 0.0020046,
    "传言": 0.0019788,
    "董卿": 0.0019173,
    "行程": 0.0018977,
    "京东": 0.0018428,
    "供述": 0.0018304,
    "进屋": 0.0018273,
    "罗崇敏": 0.0018078,
    "被告人": 0.0017586,
    "双胞胎": 0.0017439,
    "安倍晋三": 0.0017133,
    "马斯克": 0.0016851,
    "66万": 0.0016606,
    "盖章": 0.0016441,
    "强制执行": 0.0016148,
    "实施": 0.00161,
    "面包": 0.0015666,
    "教育厅": 0.0015632,
    "潜逃": 0.0015577,
    "股份": 0.0015038,
    "发布": 0.0014551,
    "买房车": 0.0014416,
    "七七事变": 0.001424,
    "曝光": 0.001405,
    "麦当劳": 0.0014044,
    "被压": 0.0013872,
    "天链": 0.0013673,
    "治疗": 0.0013363,
    "被害": 0.0013025,
    "美图": 0.0012947,
    "偷漏税": 0.0012047,
    "放回": 0.0011971,
    "被害案": 0.0011724,
    "被骗": 0.0011471,
    "快递": 0.0011392,
    "洪峤": 0.00112,
    "洪某": 0.0010166,
    "厅长": 0.0010017,
    "判罚": 0.0009844,
    "报恩": 0.0009714,
    "全县": 0.0009655,
    "转绿码": 0.0009425,
    "续约": 0.0009086,
    "扎伤": 0.0009051,
    "起诉": 0.0008377,
    "医学": 0.0008045,
    "我不是药神": 0.0007803,
    "97万": 0.0007725,
    "上报": 0.0007539,
    "检验": 0.0007463,
    "爆发": 0.0007422,
    "茅台": 0.0007049,
    "卫星": 0.0006867,
    "前妻": 0.0006586,
    "遇害案": 0.0006339,
    "冲卡": 0.0006274,
    "新专辑": 0.0006157,
    "妇联": 0.0006105,
    "电视台": 0.0006025,
    "85周年": 0.0005984,
    "女高管": 0.0005877,
    "炒币": 0.0005824,
    "巴菲特": 0.0005734,
    "4岁男童": 0.0005695,
    "推特": 0.0005614,
    "辞退": 0.000556,
    "货架": 0.0005388,
    "转让": 0.0005339,
    "生命": 0.0005202,
    "倒地": 0.0005169,
    "离婚": 0.0004903,
    "目标": 0.0004893,
    "总部": 0.0004755,
    "赶着": 0.0004676,
    "浮亏": 0.0004574,
    "维权": 0.0004523,
    "公务员": 0.0004409,
    "莱阳": 0.0003916,
    "取消": 0.000389,
    "前一晚": 0.0003859,
    "胸部": 0.0003594,
    "营销": 0.0003582,
    "环保": 0.0003539,
    "全面": 0.0003485,
    "被判赔": 0.0003361,
    "男友": 0.0003168,
    "重症": 0.0002946,
    "检测": 0.0002744,
    "掉地上": 0.0002639,
    "祝贺": 0.0002508,
    "银行行长": 0.0002459,
    "辞去": 0.0002404,
    "炒至": 0.0002385,
    "刘翔": 0.0002311,
    "回家": 0.0002293,
    "关闭": 0.0002283,
    "演讲时": 0.000227,
    "职务": 0.0002248,
    "拖走": 0.0002228,
    "微信": 0.0002107,
    "传播": 0.0002069,
    "躺平": 0.0002068,
    "欧洲": 0.0002066,
    "学历": 0.0002016,
    "北大": 0.0002002,
    "教授": 0.0001989,
    "破产": 0.00019,
    "体征": 0.0001782,
    "猥亵": 0.0001764,
    "批捕": 0.0001762,
    "颈部": 0.0001757,
    "报警": 0.0001707,
    "新歌": 0.0001673,
    "立案查处": 0.0001616,
    "山东": 0.0001584,
    "全州县": 0.0001486,
    "拒绝": 0.0001436,
    "政坛": 0.0001428,
    "经营": 0.0001408,
    "警备": 0.0001366,
    "遇袭": 0.0001361,
    "碳中和": 0.0001353,
    "中同": 0.0001348,
    "蓝博": 0.0001348,
    "a股": 0.0001264,
    "德国": 0.0001252,
    "版权保护": 0.0001216,
    "企业": 0.0001169,
    "拖进": 0.0001134,
    "歌单": 0.0001125,
    "全日制": 0.0001117,
    "中枪": 0.0001087,
    "大学": 0.0001076,
    "核实": 0.0001048,
    "法院": 0.0001044,
    "涉事": 0.0001
}