{
    "公司": 0.9535418,
    "周杰伦": 0.7889808,
    "员工": 0.6936755,
    "斯里兰卡": 0.4813402,
    "孩子": 0.4799533,
    "下架": 0.4480298,
    "约翰逊": 0.362117,
    "宣布": 0.2392319,
    "辞职": 0.2355248,
    "用户": 0.230925,
    "武汉大学": 0.1856392,
    "余秀华": 0.1520492,
    "最伟大的作品": 0.1364384,
    "苹果": 0.1337179,
    "删除": 0.1219669,
    "南京": 0.1144469,
    "超生": 0.1,
    "安倍": 0.1,
    "雨衣男": 0.1,
    "华为": 0.0989889,
    "警方": 0.087775,
    "谭谈交通": 0.0772994,
    "统一": 0.0643181,
    "唐山": 0.0640566,
    "霍乱病例": 0.0571685,
    "家暴": 0.0565446,
    "全州": 0.0517377,
    "母女": 0.0352668,
    "豆瓣": 0.0312354,
    "学生": 0.0309288,
    "女孩": 0.0308099,
    "终止": 0.0249176,
    "发射": 0.0223173,
    "女大学生": 0.0214272,
    "男子": 0.0211177,
    "嫌疑人": 0.0190329,
    "违规": 0.0173059,
    "死刑": 0.0167398,
    "一例": 0.016577,
    "总监": 0.0161587,
    "招聘": 0.0156313,
    "集团": 0.0152067,
    "涉嫌": 0.0142263,
    "失去": 0.0139932,
    "两人": 0.0136235,
    "数据库": 0.013552,
    "乐视": 0.01336,
    "本地文件": 0.0126824,
    "违法犯罪": 0.0114119,
    "侵权": 0.0109837,
    "特斯拉": 0.0106555,
    "开启": 0.0105563,
    "英国首相": 0.0100711,
    "美元": 0.0099518,
    "街道": 0.0097325,
    "内卷": 0.0095385,
    "紧急状态": 0.0090972,
    "社会调剂": 0.0085268,
    "子女": 0.0079346,
    "永久": 0.0078894,
    "总统": 0.0078473,
    "预约": 0.0076549,
    "3亿": 0.0076467,
    "云南": 0.007352,
    "旅游": 0.007171,
    "被封": 0.0071394,
    "10亿": 0.0063449,
    "身亡": 0.0061967,
    "苏州": 0.0061922,
    "冰淇淋": 0.0061295,
    "迪士尼": 0.0055404,
    "袁冰妍": 0.0054696,
    "致歉": 0.005423,
    "画面": 0.0054199,
    "宣判": 0.0052635,
    "开分": 0.0051743,
    "起火": 0.0050473,
    "被判": 0.0049505,
    "市政府": 0.0048864,
    "世茂": 0.0047002,
    "谭乔": 0.0044465,
    "陈春花": 0.0044069,
    "总理": 0.0042382,
    "一审": 0.0041783,
    "新东方": 0.0040783,
    "北京": 0.0037469,
    "抱走": 0.0037314,
    "刺杀": 0.0036934,
    "米老鼠": 0.0036483,
    "调剂": 0.0035074,
    "广西": 0.0034073,
    "小树林": 0.0033813,
    "广播": 0.0032519,
    "被家暴": 0.0032251,
    "局长": 0.0032053,
    "比亚迪": 0.0031898,
    "清算": 0.0030503,
    "印度": 0.0030267,
    "拘留": 0.003005,
    "美国": 0.0029596,
    "拖拽": 0.002921,
    "苏宁": 0.0028917,
    "江西": 0.0028449,
    "生下": 0.0028429,
    "霍乱": 0.0027912,
    "违约": 0.0027211,
    "版权": 0.0026848,
    "枪击": 0.0026164,
    "英国": 0.0025986,
    "先行曲": 0.0024718,
    "合约": 0.0024552,
    "收购": 0.0023608,
    "2人": 0.0023077,
    "实验室": 0.0023075,
    "彬彬": 0.0022995,
    "性关系": 0.0021624,
    "易购": 0.0020276,
    "驾车": 0.0020117,
    "养父": 0.002006,
    "传言": 0.0019788,
    "董卿": 0.0019186,
    "行程": 0.0018977,
    "京东": 0.0018422,
    "供述": 0.0018304,
    "进屋": 0.0018272,
    "罗崇敏": 0.0018077,
    "被告人": 0.0017587,
    "双胞胎": 0.0017439,
    "安倍晋三": 0.0017133,
    "马斯克": 0.0016846,
    "66万": 0.0016617,
    "盖章": 0.0016441,
    "强制执行": 0.0016159,
    "实施": 0.0016095,
    "面包": 0.0015665,
    "教育厅": 0.0015631,
    "潜逃": 0.0015575,
    "股份": 0.0015039,
    "发布": 0.0014559,
    "买房车": 0.0014426,
    "七七事变": 0.0014239,
    "曝光": 0.0014052,
    "麦当劳": 0.0014044,
    "被压": 0.0013871,
    "天链": 0.001366,
    "治疗": 0.0013363,
    "被害": 0.0013035,
    "美图": 0.0012956,
    "偷漏税": 0.0012047,
    "放回": 0.0011969,
    "被害案": 0.0011727,
    "被骗": 0.0011464,
    "快递": 0.0011382,
    "洪峤": 0.00112,
    "洪某": 0.0010166,
    "厅长": 0.0010017,
    "判罚": 0.0009843,
    "报恩": 0.0009721,
    "全县": 0.0009657,
    "转绿码": 0.0009425,
    "续约": 0.0009086,
    "扎伤": 0.0009049,
    "起诉": 0.0008377,
    "医学": 0.0008043,
    "我不是药神": 0.0007802,
    "97万": 0.0007725,
    "上报": 0.0007537,
    "检验": 0.0007461,
    "爆发": 0.0007421,
    "茅台": 0.0007038,
    "卫星": 0.0006862,
    "前妻": 0.0006585,
    "遇害案": 0.0006339,
    "冲卡": 0.0006279,
    "新专辑": 0.0006185,
    "妇联": 0.0006104,
    "电视台": 0.0006029,
    "85周年": 0.0005984,
    "女高管": 0.0005877,
    "炒币": 0.0005829,
    "巴菲特": 0.0005734,
    "4岁男童": 0.0005694,
    "推特": 0.0005613,
    "辞退": 0.000556,
    "货架": 0.0005388,
    "转让": 0.0005339,
    "生命": 0.0005202,
    "倒地": 0.0005169,
    "离婚": 0.0004896,
    "目标": 0.0004893,
    "总部": 0.0004751,
    "赶着": 0.0004679,
    "浮亏": 0.0004578,
    "维权": 0.0004522,
    "公务员": 0.0004408,
    "莱阳": 0.0003917,
    "取消": 0.0003889,
    "前一晚": 0.0003859,
    "胸部": 0.0003594,
    "营销": 0.0003581,
    "环保": 0.0003537,
    "全面": 0.0003485,
    "被判赔": 0.000336,
    "男友": 0.0003168,
    "重症": 0.0002946,
    "检测": 0.0002744,
    "掉地上": 0.0002639,
    "祝贺": 0.0002506,
    "银行行长": 0.0002458,
    "辞去": 0.0002404,
    "炒至": 0.0002385,
    "刘翔": 0.000231,
    "回家": 0.0002293,
    "关闭": 0.0002282,
    "演讲时": 0.000227,
    "职务": 0.0002248,
    "拖走": 0.0002228,
    "微信": 0.0002107,
    "传播": 0.0002069,
    "躺平": 0.0002068,
    "欧洲": 0.0002064,
    "学历": 0.0002015,
    "北大": 0.0002002,
    "教授": 0.0001988,
    "破产": 0.00019,
    "体征": 0.0001782,
    "猥亵": 0.0001764,
    "批捕": 0.0001761,
    "颈部": 0.0001757,
    "报警": 0.0001706,
    "新歌": 0.0001673,
    "立案查处": 0.0001614,
    "山东": 0.0001584,
    "全州县": 0.0001487,
    "拒绝": 0.0001436,
    "政坛": 0.0001427,
    "经营": 0.0001408,
    "警备": 0.0001367,
    "遇袭": 0.0001361,
    "碳中和": 0.0001352,
    "中同": 0.0001348,
    "蓝博": 0.0001348,
    "a股": 0.000126,
    "德国": 0.0001254,
    "版权保护": 0.0001217,
    "企业": 0.0001169,
    "拖进": 0.0001134,
    "歌单": 0.0001125,
    "全日制": 0.0001117,
    "中枪": 0.0001087,
    "大学": 0.0001076,
    "核实": 0.0001047,
    "法院": 0.0001044,
    "涉事": 0.0001
}