{
    "周杰伦": 0.7842222,
    "员工": 0.5582051,
    "孩子": 0.4939112,
    "家暴": 0.2570379,
    "约翰逊": 0.2069136,
    "用户": 0.1756885,
    "华为": 0.1508643,
    "最伟大的作品": 0.1450629,
    "警方": 0.1355914,
    "唐山": 0.1218285,
    "统一": 0.1170796,
    "删除": 0.1056955,
    "武汉大学": 0.1024693,
    "斯里兰卡": 0.1010523,
    "日本": 0.1007062,
    "安倍": 0.1,
    "南京": 0.0890866,
    "余秀华": 0.082605,
    "宣布": 0.0762309,
    "超生": 0.0728896,
    "学生": 0.0717271,
    "公司": 0.0700978,
    "雨衣男": 0.0625969,
    "苹果": 0.0567061,
    "嫌疑人": 0.0491619,
    "辞职": 0.0490367,
    "谭谈交通": 0.0443664,
    "全州": 0.0427763,
    "女孩": 0.0414738,
    "违规": 0.0402817,
    "下架": 0.0398631,
    "数据库": 0.0361764,
    "豆瓣": 0.0360612,
    "男子": 0.0360469,
    "招聘": 0.0357153,
    "母女": 0.0339891,
    "开启": 0.0334103,
    "特斯拉": 0.0325704,
    "涉嫌": 0.0321474,
    "霍乱病例": 0.0317905,
    "a股": 0.0300787,
    "英国": 0.0261938,
    "违法犯罪": 0.0259576,
    "身亡": 0.0257471,
    "街道": 0.0254115,
    "一例": 0.0237871,
    "死刑": 0.0237695,
    "内卷": 0.0236558,
    "预约": 0.0229332,
    "传闻": 0.0227426,
    "被罚": 0.0219601,
    "英国首相": 0.021594,
    "永久": 0.0210565,
    "美国": 0.0207899,
    "乐视": 0.020251,
    "两人": 0.0193223,
    "苏州": 0.0190562,
    "子女": 0.0189092,
    "广西": 0.0186833,
    "画面": 0.0173504,
    "云南": 0.0171653,
    "离婚": 0.0170442,
    "美元": 0.0167396,
    "女大学生": 0.0164558,
    "迪士尼": 0.0156926,
    "新专辑": 0.0154427,
    "起火": 0.0151768,
    "电视台": 0.0145251,
    "新东方": 0.0144405,
    "致歉": 0.0141918,
    "社会调剂": 0.0141651,
    "3亿": 0.0133636,
    "宣判": 0.0132532,
    "侵权": 0.0132015,
    "发射": 0.0127774,
    "市政府": 0.0121356,
    "冰淇淋": 0.0114707,
    "比亚迪": 0.0111128,
    "枪击": 0.011004,
    "本地文件": 0.0109964,
    "刺杀": 0.0108512,
    "旅游": 0.0108161,
    "2人": 0.0107218,
    "10亿": 0.0107059,
    "马斯克": 0.0105049,
    "实验室": 0.0102159,
    "米老鼠": 0.0098663,
    "终止": 0.0096078,
    "收购": 0.0095431,
    "被判": 0.0091961,
    "地上": 0.0091813,
    "调剂": 0.0091812,
    "谭乔": 0.0089228,
    "总理": 0.0087489,
    "被告人": 0.008584,
    "卫星": 0.0084543,
    "行程": 0.008243,
    "陈春花": 0.0080315,
    "卫生服务中心": 0.0080259,
    "清算": 0.0079304,
    "世茂": 0.0076992,
    "企业": 0.0076482,
    "印度": 0.007607,
    "拘留": 0.0075603,
    "抱走": 0.007363,
    "股份": 0.0073505,
    "发布": 0.0073169,
    "苏宁": 0.0072541,
    "总监": 0.0071591,
    "学校ip": 0.0070684,
    "不爱我就拉倒": 0.0070182,
    "袁冰妍": 0.006905,
    "总统": 0.0068077,
    "先行曲": 0.006655,
    "霍乱": 0.006425,
    "局长": 0.0064238,
    "合约": 0.0064072,
    "开分": 0.0063421,
    "供述": 0.006305,
    "曝光": 0.0062194,
    "形象": 0.0058992,
    "洪峤": 0.0058886,
    "安倍晋三": 0.0057004,
    "江西": 0.0055829,
    "彬彬": 0.0055155,
    "易购": 0.0052639,
    "治疗": 0.00525,
    "检测": 0.0051887,
    "性关系": 0.0047721,
    "传言": 0.004601,
    "拖拽": 0.0045003,
    "违约": 0.0044453,
    "面包": 0.0042892,
    "山东": 0.0042184,
    "罗崇敏": 0.0040838,
    "一审": 0.0040451,
    "驾车": 0.0039769,
    "紧急状态": 0.003896,
    "演员": 0.0038718,
    "盖章": 0.0038134,
    "麦当劳": 0.0037905,
    "全县": 0.0037564,
    "新歌": 0.0037509,
    "医学": 0.0036534,
    "潜逃": 0.0035873,
    "教育厅": 0.0035775,
    "节目": 0.0035414,
    "25万": 0.0035171,
    "38": 0.0035171,
    "广播": 0.0033668,
    "检验": 0.0033593,
    "破产": 0.0032436,
    "生命": 0.0031944,
    "进屋": 0.0030971,
    "推特": 0.0030616,
    "实施": 0.0030362,
    "双胞胎": 0.0029929,
    "目标": 0.002969,
    "男友": 0.0029568,
    "作品": 0.0028971,
    "环保": 0.0028119,
    "转让": 0.0027793,
    "养父": 0.0027567,
    "爆发": 0.0027128,
    "董卿": 0.0026037,
    "职务": 0.0025947,
    "转绿码": 0.0025417,
    "地球": 0.0024652,
    "辞去": 0.0024293,
    "全面": 0.0024086,
    "取消": 0.0023981,
    "扎伤": 0.0023904,
    "七七事变": 0.0023904,
    "台风": 0.0023698,
    "厅长": 0.0023642,
    "杀人": 0.0023511,
    "续约": 0.0023477,
    "公务员": 0.0023409,
    "洪某": 0.0022976,
    "66万": 0.0022811,
    "起诉": 0.002249,
    "法院": 0.0022488,
    "小树林": 0.0022262,
    "美图": 0.0022085,
    "判罚": 0.0021916,
    "维护": 0.0021737,
    "巴菲特": 0.0021442,
    "强制执行": 0.0021421,
    "京东": 0.0021077,
    "偷漏税": 0.0020757,
    "生下": 0.0020283,
    "经营": 0.0020276,
    "被害案": 0.0020147,
    "买房车": 0.0019791,
    "辞退": 0.0019297,
    "上报": 0.0018646,
    "被害": 0.0018554,
    "倒地": 0.0018133,
    "德国": 0.0018108,
    "法律责任": 0.001794,
    "茅台": 0.0017359,
    "我不是药神": 0.0017278,
    "欧洲": 0.0016991,
    "前一晚": 0.0016864,
    "胸部": 0.0016333,
    "97万": 0.0015979,
    "传播": 0.0015895,
    "5亿": 0.0015673,
    "武汉": 0.0015633,
    "教授": 0.0015459,
    "核酸": 0.0015234,
    "音乐": 0.0014875,
    "报恩": 0.0014715,
    "货架": 0.0014684,
    "业务": 0.0014598,
    "学历": 0.0014434,
    "莱阳": 0.0014373,
    "前妻": 0.00143,
    "快递": 0.0014277,
    "赔偿": 0.0013846,
    "版权": 0.0013831,
    "全州县": 0.0013824,
    "n年": 0.0013536,
    "案一审": 0.0013138,
    "躺平": 0.0012925,
    "版权保护": 0.001264,
    "被判赔": 0.0012547,
    "85周年": 0.0012328,
    "涉事": 0.0012167,
    "重症": 0.0011558,
    "拒绝": 0.0011504,
    "冲卡": 0.0011472,
    "4岁男童": 0.0011318,
    "中枪": 0.0010961,
    "体征": 0.0010936,
    "道歉": 0.0010808,
    "犯罪": 0.0010683,
    "维权": 0.0010612,
    "政坛": 0.0010588,
    "妇联": 0.001047,
    "遇害案": 0.0010443,
    "被骗": 0.0010341,
    "炒币": 0.001023,
    "女高管": 0.0010148,
    "律师": 0.0009901,
    "拖进": 0.0009895,
    "核实": 0.0009789,
    "演讲时": 0.0009136,
    "拉贾帕克萨": 0.0009099
}