{
    "公司": 0.9538346,
    "周杰伦": 0.7889963,
    "员工": 0.6928244,
    "斯里兰卡": 0.4813708,
    "孩子": 0.4802236,
    "下架": 0.4479951,
    "家暴": 0.4442475,
    "约翰逊": 0.3586207,
    "宣布": 0.2389854,
    "辞职": 0.2321006,
    "用户": 0.2308956,
    "武汉大学": 0.1856415,
    "余秀华": 0.1503589,
    "最伟大的作品": 0.1363412,
    "苹果": 0.1335156,
    "删除": 0.1218733,
    "南京": 0.1132955,
    "超生": 0.1,
    "安倍": 0.1,
    "雨衣男": 0.1,
    "华为": 0.0987811,
    "警方": 0.0876764,
    "谭谈交通": 0.0773004,
    "统一": 0.0641773,
    "唐山": 0.0638398,
    "霍乱病例": 0.0571679,
    "全州": 0.0517355,
    "母女": 0.0352503,
    "豆瓣": 0.031209,
    "学生": 0.0308844,
    "女孩": 0.0307829,
    "终止": 0.0248962,
    "发射": 0.0222672,
    "女大学生": 0.0212041,
    "男子": 0.0210416,
    "嫌疑人": 0.01899,
    "违规": 0.0173013,
    "死刑": 0.0165473,
    "一例": 0.0165374,
    "总监": 0.0161402,
    "招聘": 0.0155814,
    "涉嫌": 0.0141703,
    "两人": 0.0136178,
    "数据库": 0.0135268,
    "乐视": 0.0133295,
    "本地文件": 0.0126734,
    "违法犯罪": 0.0113662,
    "侵权": 0.0107875,
    "特斯拉": 0.0106187,
    "开启": 0.0105143,
    "英国首相": 0.00996,
    "美元": 0.0099258,
    "街道": 0.0096933,
    "内卷": 0.0095009,
    "紧急状态": 0.0090809,
    "传闻": 0.0087058,
    "社会调剂": 0.008512,
    "子女": 0.0079147,
    "永久": 0.0078877,
    "总统": 0.0077026,
    "3亿": 0.007631,
    "预约": 0.0076295,
    "云南": 0.0073216,
    "旅游": 0.007162,
    "10亿": 0.0063309,
    "身亡": 0.0061867,
    "苏州": 0.0061708,
    "冰淇淋": 0.0060411,
    "迪士尼": 0.0055195,
    "袁冰妍": 0.0054616,
    "画面": 0.0054093,
    "致歉": 0.0054003,
    "宣判": 0.0051882,
    "开分": 0.0051684,
    "起火": 0.0050315,
    "市政府": 0.0048734,
    "被判": 0.0048717,
    "世茂": 0.0046896,
    "谭乔": 0.0044374,
    "陈春花": 0.0043932,
    "总理": 0.0041557,
    "新东方": 0.0040599,
    "抱走": 0.0037234,
    "刺杀": 0.0036843,
    "米老鼠": 0.0036343,
    "调剂": 0.0034973,
    "广西": 0.0033846,
    "小树林": 0.0033807,
    "地上": 0.0033184,
    "广播": 0.0032376,
    "比亚迪": 0.0031764,
    "局长": 0.0031566,
    "清算": 0.0030185,
    "拘留": 0.0029925,
    "印度": 0.0029746,
    "拖拽": 0.0029134,
    "苏宁": 0.0028627,
    "江西": 0.0027898,
    "霍乱": 0.0027773,
    "美国": 0.0027236,
    "违约": 0.0027181,
    "版权": 0.0026694,
    "枪击": 0.0026095,
    "英国": 0.0025246,
    "先行曲": 0.002469,
    "合约": 0.0024449,
    "收购": 0.0023549,
    "2人": 0.0023013,
    "实验室": 0.0022986,
    "彬彬": 0.0022901,
    "性关系": 0.0021546,
    "易购": 0.0020063,
    "养父": 0.0020055,
    "驾车": 0.0019726,
    "传言": 0.0019707,
    "董卿": 0.0019182,
    "行程": 0.0018911,
    "供述": 0.001827,
    "京东": 0.0018264,
    "进屋": 0.0018219,
    "罗崇敏": 0.0018005,
    "被告人": 0.001732,
    "双胞胎": 0.00172,
    "安倍晋三": 0.0017097,
    "马斯克": 0.0016998,
    "66万": 0.0016613,
    "盖章": 0.0016383,
    "一审": 0.001637,
    "强制执行": 0.0016157,
    "实施": 0.0015839,
    "面包": 0.0015594,
    "教育厅": 0.0015568,
    "潜逃": 0.0015517,
    "股份": 0.0014982,
    "买房车": 0.0014422,
    "发布": 0.0014207,
    "曝光": 0.0014013,
    "七七事变": 0.0014008,
    "麦当劳": 0.001398,
    "天链": 0.0013631,
    "治疗": 0.0013326,
    "被害": 0.0013029,
    "美图": 0.0012938,
    "偷漏税": 0.0012014,
    "快递": 0.0011278,
    "被骗": 0.0011129,
    "洪峤": 0.0011016,
    "生下": 0.0010919,
    "洪某": 0.001003,
    "厅长": 0.0009975,
    "报恩": 0.0009714,
    "判罚": 0.0009676,
    "全县": 0.0009604,
    "转绿码": 0.0009385,
    "续约": 0.0009046,
    "扎伤": 0.0009029,
    "起诉": 0.000823,
    "被害案": 0.0008221,
    "医学": 0.0008038,
    "97万": 0.0007697,
    "我不是药神": 0.0007647,
    "上报": 0.0007522,
    "检验": 0.0007424,
    "爆发": 0.0007286,
    "茅台": 0.0006591,
    "前妻": 0.0006561,
    "冲卡": 0.0006268,
    "卫星": 0.0006045,
    "妇联": 0.0005989,
    "85周年": 0.0005884,
    "电视台": 0.0005837,
    "炒币": 0.000582,
    "女高管": 0.0005786,
    "巴菲特": 0.0005707,
    "推特": 0.0005592,
    "4岁男童": 0.0005584,
    "辞退": 0.0005545,
    "新专辑": 0.0005461,
    "货架": 0.0005363,
    "转让": 0.0005304,
    "生命": 0.0005196,
    "倒地": 0.0005154,
    "目标": 0.0004853,
    "遇害案": 0.0004827,
    "总部": 0.0004708,
    "赶着": 0.0004672,
    "离婚": 0.0004632,
    "浮亏": 0.000457,
    "公务员": 0.0004474,
    "维权": 0.0004445,
    "莱阳": 0.0003899,
    "取消": 0.0003858,
    "前一晚": 0.0003853,
    "胸部": 0.0003582,
    "营销": 0.000353,
    "环保": 0.0003468,
    "全面": 0.0003456,
    "被判赔": 0.000334,
    "案一审": 0.000313,
    "男友": 0.0003087,
    "重症": 0.0002937,
    "检测": 0.0002644,
    "祝贺": 0.0002481,
    "银行行长": 0.0002442,
    "炒至": 0.0002346,
    "辞去": 0.0002339,
    "刘翔": 0.0002263,
    "演讲时": 0.0002263,
    "关闭": 0.0002238,
    "拖走": 0.0002219,
    "职务": 0.0002181,
    "放回": 0.000218,
    "微信": 0.0002076,
    "躺平": 0.0002047,
    "欧洲": 0.0002036,
    "传播": 0.0002001,
    "北大": 0.0001982,
    "学历": 0.0001979,
    "教授": 0.0001969,
    "破产": 0.0001877,
    "体征": 0.0001774,
    "批捕": 0.0001752,
    "颈部": 0.000175,
    "猥亵": 0.0001744,
    "报警": 0.0001685,
    "立案查处": 0.0001602,
    "新歌": 0.0001587,
    "山东": 0.000152,
    "拒绝": 0.0001484,
    "全州县": 0.0001466,
    "政坛": 0.000142,
    "警备": 0.0001362,
    "遇袭": 0.0001357,
    "经营": 0.0001349,
    "碳中和": 0.0001344,
    "中同": 0.0001341,
    "蓝博": 0.0001341,
    "德国": 0.0001231,
    "版权保护": 0.0001197,
    "企业": 0.0001127,
    "歌单": 0.000112,
    "拖进": 0.000112,
    "全日制": 0.0001097,
    "中枪": 0.0001079,
    "大学": 0.000104,
    "核实": 0.0001026
}