{
    "周杰伦": 0.7707888,
    "员工": 0.633125,
    "用户": 0.351974,
    "警方": 0.2591467,
    "公司": 0.2573767,
    "家暴": 0.2549925,
    "约翰逊": 0.22945,
    "删除": 0.2129364,
    "孩子": 0.2011818,
    "美国": 0.1604857,
    "南京": 0.1489689,
    "最伟大的作品": 0.1474675,
    "唐山": 0.1456579,
    "特斯拉": 0.1311996,
    "嫌疑人": 0.1154676,
    "安倍": 0.1,
    "武汉大学": 0.0961929,
    "女孩": 0.0927718,
    "统一": 0.0910097,
    "a股": 0.0906497,
    "被罚": 0.088876,
    "违规": 0.0868516,
    "下架": 0.0825528,
    "余秀华": 0.0817056,
    "英国": 0.0805841,
    "数据库": 0.0791319,
    "新东方": 0.078223,
    "苏州": 0.0781281,
    "豆瓣": 0.0768387,
    "苹果": 0.0683551,
    "身亡": 0.0657304,
    "斯里兰卡": 0.0645544,
    "起火": 0.0638139,
    "内卷": 0.0637239,
    "雨衣男": 0.0623779,
    "电视台": 0.0611169,
    "破产": 0.0565508,
    "离婚": 0.0564198,
    "日本": 0.0544819,
    "美元": 0.0541241,
    "开启": 0.0539444,
    "比亚迪": 0.0536976,
    "招聘": 0.0521171,
    "街道": 0.052011,
    "英国首相": 0.0516909,
    "一例": 0.0506917,
    "宣布": 0.0505868,
    "谭谈交通": 0.0502124,
    "发布": 0.0501628,
    "马斯克": 0.0485649,
    "违法犯罪": 0.0470033,
    "母女": 0.0469102,
    "死刑": 0.0466347,
    "乐视": 0.0461046,
    "宣判": 0.0455186,
    "永久": 0.0454418,
    "画面": 0.0445747,
    "两人": 0.0444866,
    "传闻": 0.0443345,
    "收购": 0.0396028,
    "3亿": 0.0393635,
    "股份": 0.0387801,
    "2人": 0.0385311,
    "辞职": 0.0380794,
    "被告人": 0.0379072,
    "新专辑": 0.0378887,
    "预约": 0.0371012,
    "10亿": 0.0351109,
    "地上": 0.0344925,
    "超生": 0.0325331,
    "冰淇淋": 0.032489,
    "环保": 0.0314475,
    "公务员": 0.0314413,
    "学生": 0.030847,
    "云南": 0.0307288,
    "霍乱病例": 0.0303975,
    "女大学生": 0.030008,
    "节目": 0.0296859,
    "检测": 0.0291377,
    "致歉": 0.0290166,
    "手机": 0.0286821,
    "广西": 0.0280663,
    "迪士尼": 0.0279077,
    "华为": 0.0278007,
    "旅游": 0.0277008,
    "作品": 0.0275194,
    "行程": 0.0272217,
    "山东": 0.026831,
    "演员": 0.0265845,
    "印度": 0.0265736,
    "新歌": 0.0262404,
    "世茂": 0.0256462,
    "枪击": 0.025346,
    "钢琴": 0.0252942,
    "侵权": 0.0252189,
    "刺杀": 0.0252167,
    "银行": 0.0249909,
    "谭乔": 0.0238075,
    "洪峤": 0.0230628,
    "被判": 0.0229802,
    "实验室": 0.022841,
    "拘留": 0.0224197,
    "子女": 0.0223788,
    "本地文件": 0.0222908,
    "版权": 0.0218401,
    "发射": 0.0216091,
    "全州": 0.0215481,
    "学历": 0.0215136,
    "学校ip": 0.0213629,
    "曝光": 0.0201097,
    "茅台": 0.0200025,
    "卫星": 0.0199633,
    "合约": 0.0197656,
    "广播": 0.0195956,
    "局长": 0.0195549,
    "袁冰妍": 0.0193723,
    "总理": 0.0189511,
    "欧洲": 0.018408,
    "米老鼠": 0.0180676,
    "供述": 0.0174434,
    "清算": 0.0174051,
    "治疗": 0.0173926,
    "彬彬": 0.0169861,
    "乌军": 0.0166526,
    "面包": 0.0165473,
    "目标": 0.015884,
    "转让": 0.0158372,
    "先行曲": 0.0155146,
    "赔偿": 0.0154292,
    "安倍晋三": 0.0153476,
    "苏宁": 0.0153023,
    "爆料": 0.0152163,
    "陈春花": 0.0149694,
    "违约": 0.0147724,
    "男友": 0.0146988,
    "霍乱": 0.0146071,
    "犯罪": 0.0143941,
    "市政府": 0.0142814,
    "麦当劳": 0.0142086,
    "职务": 0.013959,
    "男子": 0.0138479,
    "生命": 0.0138042,
    "法院": 0.0137112,
    "取消": 0.013507,
    "开分": 0.0134663,
    "全面": 0.0133274,
    "传播": 0.0129518,
    "推特": 0.0128921,
    "疫情防控": 0.0127148,
    "江西": 0.0127003,
    "疾控中心": 0.0125252,
    "辞去": 0.0123784,
    "拒绝": 0.0121233,
    "维护": 0.0121052,
    "驾车": 0.0120313,
    "爆发": 0.0119612,
    "性关系": 0.0118518,
    "杀人": 0.0116878,
    "全日制": 0.0116866,
    "易购": 0.0116459,
    "症状": 0.011546,
    "巴菲特": 0.0113776,
    "律师": 0.011335,
    "岗位": 0.0113297,
    "社会调剂": 0.0112947,
    "抗议": 0.0111933,
    "核酸检测": 0.0109656,
    "武汉": 0.010916,
    "道歉": 0.0108781,
    "法律责任": 0.0106924,
    "25万": 0.0106131,
    "38": 0.0106131,
    "维权": 0.0106004,
    "钟薛高": 0.0104499,
    "实施": 0.0104131,
    "企业": 0.0104029,
    "总统": 0.0101544,
    "辞退": 0.0100538,
    "形象": 0.0100191,
    "潜逃": 0.0096895,
    "拖拽": 0.0095659,
    "核实": 0.0094733,
    "音乐": 0.0094445,
    "北大": 0.0094259,
    "宇宙": 0.0093055,
    "总监": 0.0091757,
    "调剂": 0.0091638,
    "全网": 0.0091048,
    "核酸": 0.0090073,
    "教授": 0.0089914,
    "镜头": 0.008969,
    "躺平": 0.0089636,
    "传言": 0.0088204,
    "小树林": 0.008703,
    "猥亵": 0.0086963,
    "电视": 0.0085401,
    "主持人": 0.0085044,
    "上线": 0.0084906,
    "涉事": 0.0084734,
    "起诉": 0.0084157,
    "医学": 0.008406,
    "有限公司": 0.0083726,
    "双胞胎": 0.0083667,
    "德国": 0.0083421,
    "录取": 0.0079676,
    "检验": 0.0079664,
    "被害人": 0.0079211,
    "协商": 0.0078408,
    "终止": 0.0078266,
    "大学": 0.007789,
    "法律硕士": 0.0077679,
    "确诊": 0.0077508,
    "盖章": 0.0076958,
    "报警": 0.0076607,
    "罗崇敏": 0.0076246,
    "母亲": 0.0075911,
    "经营": 0.0075577,
    "涉嫌": 0.0074786,
    "工作人员": 0.0074783,
    "影像": 0.0074521,
    "卫生服务中心": 0.007353,
    "判罚": 0.0073418,
    "通胀": 0.0073352,
    "续约": 0.0072807,
    "动画": 0.0072763,
    "中枪": 0.0072739,
    "京东": 0.0072568,
    "抱走": 0.0071991,
    "重庆": 0.0071035,
    "美图": 0.0070885,
    "进屋": 0.0070505,
    "洪某": 0.0070306,
    "资本": 0.0070285,
    "神仙": 0.0070133,
    "文件": 0.0069018,
    "偷漏税": 0.0068845,
    "敏感": 0.0068754,
    "地球": 0.0068225,
    "一审": 0.0068126,
    "禁止": 0.006783,
    "七七事变": 0.0067748,
    "乌克兰": 0.006767,
    "健康": 0.0067288,
    "教育厅": 0.0066661,
    "养父": 0.0066618,
    "快递": 0.006618,
    "被判赔": 0.006541,
    "访问": 0.0065397,
    "办公室": 0.0065114,
    "河南": 0.0064945,
    "案一审": 0.0064623
}