{
    "周杰伦": 0.7708559,
    "员工": 0.6332379,
    "用户": 0.3521129,
    "警方": 0.2588597,
    "公司": 0.2574945,
    "约翰逊": 0.2310834,
    "删除": 0.2130534,
    "孩子": 0.2010246,
    "美国": 0.1604859,
    "南京": 0.1501246,
    "最伟大的作品": 0.1475664,
    "唐山": 0.1455344,
    "特斯拉": 0.1310349,
    "嫌疑人": 0.115477,
    "家暴": 0.1099073,
    "安倍": 0.1,
    "武汉大学": 0.0962479,
    "女孩": 0.0925036,
    "统一": 0.090931,
    "a股": 0.0904945,
    "被罚": 0.0886261,
    "违规": 0.0867133,
    "余秀华": 0.0824247,
    "下架": 0.082413,
    "英国": 0.0811115,
    "数据库": 0.0790932,
    "新东方": 0.0781934,
    "苏州": 0.0780294,
    "集团": 0.0776632,
    "豆瓣": 0.076654,
    "苹果": 0.0682926,
    "身亡": 0.0656954,
    "斯里兰卡": 0.0644187,
    "内卷": 0.0637386,
    "起火": 0.0637205,
    "雨衣男": 0.0623293,
    "电视台": 0.0610387,
    "破产": 0.0565763,
    "离婚": 0.0563704,
    "日本": 0.0543984,
    "美元": 0.0539991,
    "开启": 0.0538254,
    "比亚迪": 0.0536328,
    "街道": 0.052055,
    "招聘": 0.0520357,
    "英国首相": 0.051956,
    "一例": 0.0507209,
    "宣布": 0.0504977,
    "谭谈交通": 0.0502393,
    "发布": 0.0501974,
    "马斯克": 0.0485034,
    "违法犯罪": 0.0470751,
    "死刑": 0.0469699,
    "母女": 0.0468705,
    "乐视": 0.0461091,
    "宣判": 0.045804,
    "永久": 0.0453433,
    "画面": 0.0445794,
    "两人": 0.0443204,
    "被封": 0.0403633,
    "收购": 0.0395999,
    "3亿": 0.0392773,
    "股份": 0.0387236,
    "2人": 0.0385317,
    "被告人": 0.0380444,
    "新专辑": 0.0379384,
    "辞职": 0.0378693,
    "预约": 0.0370033,
    "回家": 0.0350655,
    "10亿": 0.0350152,
    "冰淇淋": 0.0327918,
    "超生": 0.0324536,
    "公务员": 0.0314579,
    "环保": 0.0314524,
    "学生": 0.030873,
    "云南": 0.0307761,
    "霍乱病例": 0.0304207,
    "女大学生": 0.0302485,
    "节目": 0.0296543,
    "检测": 0.0291488,
    "致歉": 0.0290462,
    "一审": 0.0288796,
    "手机": 0.0286692,
    "广西": 0.0280044,
    "华为": 0.0279836,
    "迪士尼": 0.0278549,
    "旅游": 0.0276123,
    "作品": 0.0274951,
    "行程": 0.0271884,
    "山东": 0.0267897,
    "印度": 0.0265234,
    "演员": 0.0264891,
    "新歌": 0.0262277,
    "世茂": 0.0255819,
    "侵权": 0.0255801,
    "枪击": 0.025344,
    "钢琴": 0.0252654,
    "刺杀": 0.0252103,
    "银行": 0.0249662,
    "失去": 0.0245972,
    "谭乔": 0.0237847,
    "被判": 0.0232276,
    "洪峤": 0.0231565,
    "实验室": 0.0228609,
    "拘留": 0.0224283,
    "子女": 0.0223237,
    "本地文件": 0.0223017,
    "版权": 0.0218501,
    "发射": 0.0215734,
    "学历": 0.0215232,
    "全州": 0.0214931,
    "学校ip": 0.0213172,
    "茅台": 0.0202645,
    "曝光": 0.0201142,
    "卫星": 0.0199352,
    "合约": 0.0197711,
    "局长": 0.0197438,
    "广播": 0.01956,
    "袁冰妍": 0.0193311,
    "总理": 0.018939,
    "欧洲": 0.0184088,
    "米老鼠": 0.0180379,
    "清算": 0.0174314,
    "供述": 0.0174158,
    "治疗": 0.017399,
    "彬彬": 0.0169942,
    "乌军": 0.016627,
    "面包": 0.0165536,
    "目标": 0.0158891,
    "转让": 0.0158124,
    "先行曲": 0.0155277,
    "赔偿": 0.0154331,
    "安倍晋三": 0.0153489,
    "苏宁": 0.0153256,
    "爆料": 0.0152256,
    "陈春花": 0.014992,
    "生下": 0.0147912,
    "男友": 0.0147713,
    "违约": 0.0147182,
    "霍乱": 0.0146076,
    "犯罪": 0.0143973,
    "市政府": 0.0142469,
    "麦当劳": 0.0142153,
    "职务": 0.014028,
    "男子": 0.0138653,
    "法院": 0.0138052,
    "生命": 0.0137758,
    "取消": 0.0135097,
    "开分": 0.0134348,
    "全面": 0.0133281,
    "江西": 0.0129455,
    "传播": 0.012924,
    "推特": 0.0128915,
    "放回": 0.012847,
    "疫情防控": 0.0127657,
    "疾控中心": 0.0125318,
    "辞去": 0.0124393,
    "驾车": 0.0122051,
    "拒绝": 0.0121247,
    "维护": 0.0121023,
    "爆发": 0.0120782,
    "性关系": 0.0118555,
    "杀人": 0.0117612,
    "全日制": 0.0116927,
    "易购": 0.0116637,
    "症状": 0.0115467,
    "巴菲特": 0.0113663,
    "岗位": 0.0113317,
    "律师": 0.0113183,
    "社会调剂": 0.0112707,
    "抗议": 0.011217,
    "核酸检测": 0.0110223,
    "武汉": 0.0109201,
    "道歉": 0.0109068,
    "法律责任": 0.0106918,
    "25万": 0.0106166,
    "38": 0.0106166,
    "维权": 0.0105992,
    "钟薛高": 0.0104403,
    "实施": 0.0104018,
    "企业": 0.0104005,
    "总统": 0.0101435,
    "被害案": 0.0100771,
    "辞退": 0.0100574,
    "形象": 0.0100295,
    "潜逃": 0.0096926,
    "拖拽": 0.0095695,
    "核实": 0.0094567,
    "音乐": 0.00945,
    "北大": 0.0094302,
    "宇宙": 0.0093047,
    "总监": 0.0091623,
    "调剂": 0.0091415,
    "全网": 0.0091083,
    "核酸": 0.0090118,
    "教授": 0.0089929,
    "镜头": 0.0089729,
    "躺平": 0.0089656,
    "传言": 0.0088337,
    "猥亵": 0.0086989,
    "小树林": 0.0086768,
    "被压": 0.0086614,
    "电视": 0.0085411,
    "主持人": 0.0085103,
    "上线": 0.008486,
    "涉事": 0.0084758,
    "双胞胎": 0.0084394,
    "起诉": 0.0084072,
    "医学": 0.0083792,
    "有限公司": 0.008375,
    "德国": 0.0083472,
    "录取": 0.0079653,
    "检验": 0.0079413,
    "被害人": 0.0079212,
    "协商": 0.0078302,
    "大学": 0.0078056,
    "终止": 0.0078042,
    "法律硕士": 0.0077679,
    "确诊": 0.0077414,
    "盖章": 0.0077027,
    "报警": 0.0076634,
    "罗崇敏": 0.0076361,
    "母亲": 0.007609,
    "经营": 0.0075567,
    "涉嫌": 0.0074735,
    "工作人员": 0.0074729,
    "影像": 0.0074539,
    "判罚": 0.0074231,
    "通胀": 0.0073256,
    "续约": 0.0072842,
    "动画": 0.0072813,
    "中枪": 0.0072724,
    "京东": 0.0072481,
    "抱走": 0.0071834,
    "重庆": 0.0071197,
    "洪某": 0.0070811,
    "美图": 0.0070625,
    "进屋": 0.0070533,
    "资本": 0.0070293,
    "神仙": 0.0070141,
    "文件": 0.0069034,
    "敏感": 0.0068778,
    "偷漏税": 0.0068685,
    "七七事变": 0.0068537,
    "地球": 0.0068178,
    "禁止": 0.0067814,
    "乌克兰": 0.0067677,
    "健康": 0.0067345,
    "教育厅": 0.0066761,
    "快递": 0.0066434,
    "养父": 0.0066374,
    "河南": 0.0066144,
    "北京": 0.0065824,
    "被判赔": 0.0065425
}