{
    "WPS": 1.0,
    "终止": 0.4531043,
    "运载火箭": 0.3602216,
    "流血": 0.3376621,
    "清算": 0.2854504,
    "推特": 0.2283388,
    "前一晚": 0.1711736,
    "国家紧急状态": 0.1326523,
    "武汉大学": 0.1181266,
    "4岁男童": 0.1133222,
    "美图": 0.110124,
    "颈部": 0.0952451,
    "净亏损": 0.0887713,
    "盖章": 0.0862242,
    "数据库": 0.0728281,
    "供述": 0.0695521,
    "巴菲特": 0.0622077,
    "女大学生": 0.0554637,
    "加密货币": 0.0526482,
    "重症": 0.046631,
    "报恩": 0.0452291,
    "议长": 0.0379984,
    "体能": 0.0374356,
    "豆瓣": 0.0351607,
    "被压": 0.0324917,
    "职能部门": 0.0324764,
    "续约": 0.0322355,
    "母女": 0.0318681,
    "劳动合同": 0.0312027,
    "起火": 0.0310346,
    "受贿": 0.0277778,
    "进屋": 0.0270929,
    "设计师": 0.0269462,
    "批捕": 0.026494,
    "收购": 0.0259464,
    "中枪": 0.0237865,
    "碳中和": 0.0236832,
    "飞船": 0.0232119,
    "约翰逊": 0.0222731,
    "最晚": 0.0221306,
    "妇联": 0.021431,
    "恩情": 0.0197152,
    "2035年": 0.0191834,
    "获赔": 0.0170585,
    "一切正常": 0.0167259,
    "枪声": 0.0158751,
    "一例": 0.0155386,
    "春雷": 0.0151573,
    "空军": 0.0151573,
    "妥善处理": 0.0146493,
    "强制执行": 0.0144326,
    "案一审": 0.0142439,
    "市政府": 0.0140502,
    "潜逃": 0.0139205,
    "枪击": 0.0135531,
    "移交": 0.013548,
    "发射": 0.0134379,
    "自卫队": 0.0119799,
    "被害": 0.0119028,
    "冲卡": 0.0119028,
    "乔布斯": 0.0117494,
    "华谊": 0.0116048,
    "宣判": 0.0113423,
    "代理": 0.0105048,
    "动机": 0.0104223,
    "总监": 0.0103496,
    "麦当劳": 0.0098994,
    "乐视": 0.0096061,
    "被封": 0.0095375,
    "秋天": 0.0095249,
    "局长": 0.009352,
    "烧毁": 0.0093222,
    "生下": 0.0088167,
    "货架": 0.0086683,
    "下架": 0.0076412,
    "赶着": 0.0074987,
    "事务部": 0.0074316,
    "香港联交所": 0.0074316,
    "校内": 0.0073531,
    "副部长": 0.0070779,
    "拘留": 0.0070179,
    "放回": 0.0067968,
    "一审": 0.0067232,
    "下令": 0.0064533,
    "生育": 0.0060433,
    "合约": 0.0057987,
    "郎朗": 0.0055064,
    "封禁": 0.0051785,
    "桂林": 0.0051446,
    "倒地": 0.0050467,
    "我不是药神": 0.0049917,
    "抱走": 0.0048951,
    "纯属": 0.0048104,
    "发病": 0.0047562,
    "概念股": 0.004739,
    "行政处罚": 0.0044472,
    "操纵": 0.0044251,
    "牢狱之灾": 0.0042925,
    "贾跃亭": 0.0042925,
    "开分": 0.0042475,
    "款项": 0.0042339,
    "粗暴": 0.0042233,
    "亲属": 0.004085,
    "农药": 0.0040782,
    "总理": 0.0039747,
    "武大": 0.0037893,
    "评级": 0.0037893,
    "英国首相": 0.0037139,
    "面包": 0.0036264,
    "嫌疑": 0.0035643,
    "卫星": 0.0035612,
    "袁冰妍": 0.0035381,
    "歌单": 0.0035267,
    "报答": 0.0034767,
    "预定": 0.0034393,
    "文献": 0.0033142,
    "动荡": 0.0031841,
    "拖走": 0.0031841,
    "共和国": 0.0031841,
    "着火": 0.0031781,
    "行程": 0.003116,
    "调剂": 0.0029537,
    "聘请": 0.0028094,
    "漠视": 0.002804,
    "失血过多": 0.0027818,
    "主犯": 0.0027388,
    "小树林": 0.0026981,
    "查阅": 0.0026754,
    "判处死刑": 0.0026362,
    "体征": 0.0026315,
    "人脸识别": 0.0026315,
    "成年": 0.0026045,
    "被骗": 0.0025438,
    "袭击": 0.0025044,
    "开枪": 0.0024813,
    "上报": 0.0024473,
    "依法追究": 0.0023779,
    "股神": 0.0023306,
    "装置": 0.0023236,
    "先辈": 0.0023127,
    "中弹": 0.002198,
    "伤势": 0.002183,
    "双胞胎": 0.0021756,
    "工作制": 0.0021315,
    "下落不明": 0.0021102,
    "服役": 0.0020859,
    "激励": 0.0020467,
    "争吵": 0.0020435,
    "子弹": 0.002025,
    "知识产权": 0.0020049,
    "烂摊子": 0.0020049,
    "未果": 0.0020049,
    "洛阳": 0.0019557,
    "葬礼": 0.0019418,
    "先行曲": 0.0018904,
    "出任": 0.0018904,
    "安保": 0.0018605,
    "急救": 0.0018477,
    "性关系": 0.0018016,
    "乐坛": 0.001798,
    "量子": 0.0017265,
    "转账": 0.0017265,
    "阉割": 0.0017122,
    "赔偿金": 0.0017122,
    "垫付": 0.0017122,
    "神仙": 0.0016992,
    "选出": 0.0016841,
    "唐山市": 0.0016553,
    "仅限": 0.0016539,
    "早前": 0.001624,
    "满大街": 0.0015841,
    "诗人": 0.0015674,
    "拐卖儿童": 0.0015291,
    "马斯克": 0.001504,
    "获刑": 0.001504,
    "践踏": 0.0014564,
    "前妻": 0.0014532,
    "候选人": 0.0014388,
    "未经许可": 0.0014274,
    "判罚": 0.0014209,
    "熟睡": 0.0013869,
    "特斯拉": 0.0013765,
    "最伟大的作品": 0.0013705,
    "索赔": 0.0013476,
    "面包车": 0.0013306,
    "亏损": 0.0013297,
    "内阁": 0.0013127,
    "止血": 0.0013127,
    "自燃": 0.001287,
    "违约": 0.0012855,
    "抗日战争": 0.0012344,
    "躺平": 0.0012215,
    "被判": 0.0012166,
    "电视台": 0.0012153,
    "税收": 0.0012128,
    "右转": 0.0012128,
    "侵华": 0.0011813,
    "打印": 0.0011784,
    "茅台": 0.0011771,
    "薪酬": 0.0011744,
    "轨道": 0.0011553,
    "云南省": 0.0011237,
    "迪士尼": 0.0011062,
    "男友": 0.0010682,
    "哈根达斯": 0.0010648,
    "搜查": 0.0010633,
    "运往": 0.0010633,
    "游行": 0.0010393,
    "发表声明": 0.0010315,
    "三生": 0.0010114,
    "刘海": 0.0010091,
    "特警": 0.0010014,
    "突击": 0.0009774,
    "变动": 0.0009738,
    "武昌区": 0.0009631,
    "期限": 0.0009333,
    "点火": 0.0009285,
    "杰伦": 0.0009263,
    "逃税": 0.0009094,
    "二战": 0.0008911,
    "作案": 0.0008911,
    "屋内": 0.0008876,
    "外貌": 0.0008876,
    "内卷": 0.0008809,
    "地球": 0.0008617,
    "鬼子": 0.0008586,
    "借鉴": 0.0008586,
    "文档": 0.0008575,
    "重申": 0.0008404,
    "公安厅": 0.0008402,
    "东京": 0.0008372,
    "残余": 0.000813,
    "妨害": 0.0007991,
    "画家": 0.0007991,
    "破产": 0.0007927,
    "尊严": 0.0007647,
    "救护车": 0.0007503,
    "年薪": 0.0007422,
    "自述": 0.0007355,
    "圆满成功": 0.0007342,
    "著作权": 0.0007234,
    "招聘": 0.0007134,
    "传言": 0.000709,
    "偷税": 0.000701,
    "纠缠": 0.0006751,
    "侵权": 0.0006659,
    "途径": 0.0006612,
    "洗钱": 0.0006579,
    "深陷": 0.0006579,
    "转让": 0.0006579,
    "院士": 0.0006566,
    "新专辑": 0.0006495,
    "全县": 0.0006492,
    "车祸": 0.0006482
}