{
    "约翰逊": 0.3586207,
    "苹果": 0.3364382,
    "终止": 0.1581471,
    "违规": 0.1282323,
    "辞职": 0.1226859,
    "警方": 0.1208632,
    "统一": 0.1205871,
    "违法犯罪": 0.1041798,
    "超生": 0.1,
    "雨衣男": 0.1,
    "破产": 0.0990287,
    "被罚": 0.0852012,
    "豆瓣": 0.0823769,
    "霍乱病例": 0.0782232,
    "街道": 0.0776093,
    "谭谈交通": 0.0711951,
    "身亡": 0.0662017,
    "致歉": 0.0480957,
    "死刑": 0.0433277,
    "美元": 0.0426578,
    "母女": 0.0373018,
    "华为": 0.0354785,
    "英国": 0.0317633,
    "紧急状态": 0.0290174,
    "立案": 0.0272374,
    "英国首相": 0.0255578,
    "被判": 0.0234815,
    "陈春花": 0.0225895,
    "行程": 0.0217875,
    "江西": 0.0203112,
    "马斯克": 0.0199575,
    "违约": 0.0184452,
    "苏宁": 0.0177668,
    "调剂": 0.0172212,
    "家暴": 0.0171013,
    "重症": 0.0163054,
    "社会调剂": 0.0154988,
    "特斯拉": 0.0153708,
    "罗崇敏": 0.0153495,
    "胸部": 0.0150704,
    "驾车": 0.0147331,
    "苏州": 0.0146794,
    "颈部": 0.0141707,
    "预约": 0.0141008,
    "董卿": 0.013294,
    "电视台": 0.012382,
    "茅台": 0.0120754,
    "盖章": 0.0109689,
    "被害": 0.0100878,
    "起火": 0.0100124,
    "轨道": 0.0096451,
    "南京": 0.0089571,
    "安倍": 0.0082548,
    "转绿码": 0.0079232,
    "美图": 0.0074149,
    "经营": 0.0067362,
    "潜逃": 0.006719,
    "进屋": 0.0066474,
    "面包": 0.0064274,
    "10亿": 0.0063385,
    "麦当劳": 0.0062352,
    "离婚": 0.0059864,
    "顺利": 0.0059846,
    "谭乔": 0.0057781,
    "发布": 0.0056453,
    "起诉": 0.0055324,
    "生下": 0.005481,
    "霍乱": 0.0054541,
    "续约": 0.0052551,
    "爆发": 0.0052328,
    "比亚迪": 0.0052299,
    "总统": 0.0048841,
    "被骗": 0.004821,
    "股份": 0.0048147,
    "被告人": 0.0047925,
    "目标": 0.0043529,
    "余秀华": 0.0043472,
    "新专辑": 0.0042428,
    "洪某": 0.0042071,
    "预定": 0.0039589,
    "画面": 0.0039196,
    "用户": 0.0039053,
    "遇袭": 0.0039037,
    "警备": 0.003762,
    "2人": 0.0037191,
    "赶着": 0.0036452,
    "遇害案": 0.0035636,
    "洪峤": 0.0034528,
    "美国": 0.003438,
    "斯里兰卡": 0.0032975,
    "版权": 0.0032754,
    "周杰伦": 0.0032325,
    "最伟大的作品": 0.0029365,
    "运载火箭": 0.0028221,
    "正式": 0.0028149,
    "货架": 0.0027572,
    "被害案": 0.0026843,
    "男友": 0.0026223,
    "音乐": 0.0025554,
    "米老鼠": 0.0025213,
    "男子": 0.0024796,
    "辞退": 0.0024072,
    "祝贺": 0.0023924,
    "日本": 0.0023886,
    "法院": 0.0022099,
    "孩子": 0.0022035,
    "职务": 0.002168,
    "女孩": 0.0021428,
    "全州": 0.0021192,
    "辞去": 0.0020805,
    "公司": 0.0020635,
    "总理": 0.0020205,
    "迪士尼": 0.0019832,
    "维护": 0.0019677,
    "载人": 0.0019265,
    "立案查处": 0.0017327,
    "侵权": 0.0016446,
    "被判赔": 0.0016302,
    "宣布": 0.0016259,
    "3亿": 0.0015842,
    "莱阳": 0.0015467,
    "袁冰妍": 0.0015134,
    "转让": 0.0014564,
    "炒至": 0.0014368,
    "锁定": 0.001366,
    "武汉大学": 0.0012423,
    "犯罪": 0.0012217,
    "案一审": 0.0011927,
    "学校ip": 0.0011687,
    "躺平": 0.0011084,
    "节目": 0.0010389,
    "下架": 0.0010169,
    "涉事": 0.0009999,
    "云南": 0.0009076,
    "营销": 0.0008887,
    "内卷": 0.0008833,
    "维克拉马辛哈": 0.0008768,
    "唐山": 0.0008482,
    "重申": 0.0008383,
    "鲍里斯": 0.000838,
    "治疗": 0.0008202,
    "长征三号": 0.0008141,
    "离境": 0.0007954,
    "西昌卫星发射中心": 0.0007778,
    "银行行长": 0.0007422,
    "拘留": 0.0007111,
    "访问": 0.000699,
    "刺杀": 0.0006581,
    "索赔": 0.0006534,
    "获赔": 0.0006415,
    "航天器": 0.000619,
    "被害人": 0.0006056,
    "马尔代夫": 0.0006051,
    "禁止": 0.0005995,
    "发射": 0.0005908,
    "飞船": 0.0005858,
    "蓝博": 0.0005712,
    "拖拽": 0.0005687,
    "永久": 0.000546,
    "违反": 0.0005411,
    "曝光": 0.0005335,
    "车辆": 0.0005134,
    "突击": 0.000497,
    "碳中和": 0.0004917,
    "维权": 0.000488,
    "枪击": 0.0004866,
    "哈根达斯": 0.0004532,
    "诗人": 0.0004516,
    "赔偿": 0.0004469,
    "倒地": 0.0004347,
    "科技": 0.0004264,
    "留任": 0.0003934,
    "评分": 0.0003696,
    "合约": 0.0003681,
    "电视": 0.0003496,
    "学生": 0.000347,
    "安倍晋三": 0.000338,
    "虚假信息": 0.0003373,
    "设计师": 0.0003268,
    "演讲时": 0.0003065,
    "过于": 0.0002946,
    "重庆": 0.0002899,
    "被告": 0.000283,
    "联播": 0.000268,
    "领导人": 0.0002637,
    "盗窃": 0.0002531,
    "金额": 0.0002423,
    "赵立坚": 0.0002276,
    "见证": 0.0002211,
    "违法": 0.0002201,
    "子女": 0.0002191,
    "德国": 0.000212,
    "冰淇淋": 0.0002108,
    "生产": 0.0002103,
    "5亿": 0.000208,
    "道歉": 0.0001926,
    "全县": 0.0001913,
    "首席": 0.0001909,
    "两人": 0.00019,
    "实施": 0.0001854,
    "死缓": 0.0001852,
    "社保": 0.0001849,
    "议长": 0.0001817,
    "传言": 0.0001815,
    "移交": 0.0001781,
    "黄码": 0.0001741,
    "汽车": 0.0001702,
    "失去": 0.0001677,
    "嫌疑人": 0.0001622,
    "快递": 0.000158,
    "激烈": 0.0001574,
    "资本": 0.0001518,
    "诈骗": 0.0001515,
    "监控": 0.0001508,
    "签订": 0.0001494,
    "董事会": 0.0001476,
    "餐厅": 0.0001475,
    "印度": 0.0001472,
    "表述": 0.0001471,
    "具体情况": 0.000146,
    "线索": 0.0001459,
    "现任": 0.0001421,
    "预防": 0.0001414,
    "传闻": 0.0001405,
    "纯属": 0.0001377,
    "通知书": 0.000137,
    "一例": 0.0001356,
    "第一时间": 0.0001353,
    "误导": 0.000135,
    "京东": 0.0001326,
    "核实": 0.0001323,
    "症状": 0.000132,
    "4岁男童": 0.0001306,
    "阳性": 0.0001302,
    "养父": 0.0001295,
    "中枪": 0.0001236,
    "乐视": 0.0001223,
    "规范": 0.0001217,
    "涉嫌": 0.0001206,
    "绩效": 0.0001204,
    "总监": 0.0001201,
    "删除": 0.0001198,
    "解决方案": 0.0001174,
    "检出": 0.0001167,
    "街头": 0.0001141,
    "秋天": 0.0001122,
    "炒币": 0.0001116,
    "小树林": 0.00011,
    "腹泻": 0.0001077,
    "宣判": 0.0001074,
    "供述": 0.0001061,
    "传播": 0.0001056,
    "高考": 0.0001042,
    "逃税": 0.0001029,
    "高温": 0.0001025,
    "盗窃罪": 9.9e-05,
    "银行": 9.9e-05,
    "七七事变": 9.89e-05,
    "先行曲": 9.72e-05,
    "选出": 9.57e-05,
    "耳光": 9.5e-05,
    "开分": 9.49e-05,
    "配置": 9.46e-05,
    "大s": 9.42e-05,
    "诊断": 9.18e-05,
    "莱阳市": 9.18e-05,
    "赚钱": 8.91e-05,
    "员工": 8.88e-05,
    "厅长": 8.83e-05,
    "祁文强": 8.8e-05,
    "38": 8.76e-05,
    "规则": 8.71e-05,
    "申请": 8.68e-05,
    "买房车": 8.67e-05,
    "地上": 8.34e-05,
    "高端": 8.32e-05,
    "2035年": 8.31e-05,
    "阻止": 8.2e-05,
    "艺术家": 8.09e-05,
    "贵州": 8.03e-05,
    "流量": 8.02e-05,
    "地球": 7.97e-05,
    "猜测": 7.95e-05,
    "艺术": 7.8e-05,
    "女大学生": 7.68e-05,
    "解除": 7.6e-05,
    "66万": 7.23e-05,
    "耽误": 6.97e-05,
    "遇刺": 6.87e-05,
    "钢琴": 6.84e-05,
    "证据": 6.78e-05,
    "微信": 6.78e-05,
    "赵某河": 6.7e-05,
    "政坛": 6.65e-05,
    "袭击": 6.63e-05,
    "生命": 6.62e-05,
    "讹传": 6.57e-05,
    "职能部门": 6.49e-05,
    "湖北": 6.49e-05,
    "管理局": 6.46e-05,
    "新东方": 6.39e-05,
    "粗暴": 6.38e-05,
    "报恩": 6.33e-05,
    "判罚": 6.27e-05,
    "开启": 6.1e-05,
    "读者": 5.89e-05,
    "拉贾帕克萨": 5.84e-05,
    "资金": 5.75e-05,
    "环保": 5.72e-05,
    "民族": 5.7e-05,
    "调岗": 5.69e-05,
    "试验": 5.67e-05,
    "抱走": 5.43e-05,
    "数据库": 5.33e-05,
    "双胞胎": 5.32e-05,
    "路子": 5.27e-05,
    "运营": 5.23e-05,
    "飞行": 5.2e-05,
    "爆料": 5.19e-05,
    "遴选": 5.16e-05,
    "企业": 5.11e-05,
    "议会": 4.98e-05,
    "空军": 4.96e-05,
    "检验": 4.93e-05,
    "软件": 4.89e-05,
    "冲卡": 4.86e-05,
    "结婚": 4.8e-05,
    "正视": 4.77e-05,
    "纠纷": 4.68e-05,
    "维克勒马辛哈": 4.63e-05,
    "羡慕": 4.62e-05,
    "推特": 4.5e-05,
    "旅游": 4.45e-05,
    "面包车": 4.37e-05,
    "股价": 4.35e-05,
    "谎言": 4.35e-05,
    "科伦坡": 4.32e-05,
    "97万": 4.29e-05,
    "知识": 4.25e-05,
    "隐私": 4.24e-05,
    "自述": 4.17e-05,
    "演员": 4.05e-05,
    "广西": 3.99e-05,
    "葛某": 3.96e-05,
    "残留": 3.9e-05,
    "经查": 3.8e-05,
    "遗体": 3.79e-05,
    "配备": 3.76e-05,
    "卫星": 3.71e-05,
    "前妻": 3.64e-05,
    "监护室": 3.58e-05,
    "红星": 3.56e-05,
    "骚扰": 3.55e-05,
    "公务员": 3.53e-05,
    "秋季": 3.31e-05,
    "股东": 3.28e-05,
    "贷款": 3.27e-05,
    "等待": 3.24e-05,
    "一审": 3.24e-05,
    "行凶": 3.24e-05,
    "夸大": 3.2e-05,
    "局长": 3.19e-05,
    "英国政府": 3.18e-05,
    "草案": 3.14e-05,
    "锁死": 3.13e-05,
    "大学": 3.13e-05,
    "采样": 3.1e-05,
    "创新": 3.09e-05,
    "安保": 3.08e-05,
    "警官": 3.07e-05,
    "中继": 3e-05,
    "确诊": 2.99e-05,
    "性关系": 2.98e-05,
    "肖像权": 2.93e-05,
    "提供数据": 2.93e-05,
    "85周年": 2.92e-05,
    "激励": 2.89e-05,
    "调查结果": 2.81e-05,
    "本地文件": 2.77e-05,
    "偷漏税": 2.74e-05,
    "郑州": 2.68e-05,
    "净亏损": 2.58e-05,
    "涉案": 2.55e-05,