{
    "约翰逊": 0.362117,
    "苹果": 0.3364382,
    "终止": 0.1581538,
    "违规": 0.1282311,
    "辞职": 0.1220173,
    "警方": 0.12087,
    "统一": 0.1205871,
    "违法犯罪": 0.1041798,
    "超生": 0.1,
    "雨衣男": 0.1,
    "破产": 0.0995804,
    "豆瓣": 0.0823769,
    "被封": 0.0798289,
    "霍乱病例": 0.0782232,
    "街道": 0.0776093,
    "集团": 0.0713952,
    "谭谈交通": 0.0711951,
    "身亡": 0.06618,
    "致歉": 0.0480957,
    "死刑": 0.0437448,
    "美元": 0.0426579,
    "母女": 0.0373018,
    "华为": 0.0355019,
    "英国": 0.0320735,
    "安倍": 0.0314139,
    "紧急状态": 0.0290174,
    "立案": 0.0273173,
    "英国首相": 0.025807,
    "被判": 0.0237105,
    "陈春花": 0.0225895,
    "行程": 0.0217875,
    "江西": 0.0205122,
    "马斯克": 0.0199112,
    "违约": 0.0184452,
    "苏宁": 0.0178658,
    "调剂": 0.0174305,
    "被罚": 0.0169771,
    "周杰伦": 0.0164392,
    "重症": 0.0163054,
    "唐山": 0.0158526,
    "社会调剂": 0.0154988,
    "被家暴": 0.015491,
    "特斯拉": 0.0153709,
    "罗崇敏": 0.0153495,
    "胸部": 0.0150704,
    "驾车": 0.0148768,
    "苏州": 0.0146794,
    "颈部": 0.0141707,
    "生下": 0.014161,
    "预约": 0.0141013,
    "董卿": 0.013294,
    "电视台": 0.0123795,
    "茅台": 0.0122307,
    "曝光": 0.0117278,
    "盖章": 0.0109689,
    "总理": 0.0108682,
    "余秀华": 0.0108431,
    "被压": 0.0104407,
    "被害": 0.0100878,
    "起火": 0.0100124,
    "轨道": 0.0096451,
    "转绿码": 0.0079232,
    "画面": 0.0075352,
    "美图": 0.0074149,
    "经营": 0.0067916,
    "潜逃": 0.006719,
    "进屋": 0.0066474,
    "面包": 0.0064274,
    "10亿": 0.0063385,
    "麦当劳": 0.0062352,
    "离婚": 0.0059865,
    "顺利": 0.0059846,
    "谭乔": 0.0057781,
    "起诉": 0.0055872,
    "霍乱": 0.0054541,
    "爆发": 0.0052854,
    "续约": 0.0052551,
    "比亚迪": 0.00523,
    "斯里兰卡": 0.0050422,
    "孩子": 0.0050063,
    "被骗": 0.0048586,
    "被告人": 0.0048389,
    "股份": 0.0048147,
    "遇害案": 0.0043417,
    "目标": 0.0043356,
    "洪某": 0.0042481,
    "预定": 0.0039589,
    "遇袭": 0.0039037,
    "新专辑": 0.0038143,
    "警备": 0.003762,
    "2人": 0.0037191,
    "赶着": 0.0036452,
    "洪峤": 0.0034865,
    "美国": 0.003442,
    "版权": 0.0032787,
    "宣布": 0.0029545,
    "运载火箭": 0.0028221,
    "货架": 0.0027572,
    "男友": 0.0026484,
    "音乐": 0.0025902,
    "米老鼠": 0.0025213,
    "男子": 0.0024392,
    "辞退": 0.0024072,
    "祝贺": 0.0023924,
    "法院": 0.0022352,
    "职务": 0.0021892,
    "辞去": 0.0021007,
    "维护": 0.0019678,
    "载人": 0.0019265,
    "迪士尼": 0.0019002,
    "被害案": 0.0018853,
    "家暴": 0.0017933,
    "两人": 0.0017702,
    "员工": 0.0017528,
    "立案查处": 0.0017327,
    "南京": 0.0016602,
    "被判赔": 0.0016302,
    "3亿": 0.0015842,
    "莱阳": 0.0015467,
    "侵权": 0.0014819,
    "转让": 0.0014564,
    "炒至": 0.0014508,
    "袁冰妍": 0.0014074,
    "发布": 0.0013761,
    "锁定": 0.001366,
    "武汉大学": 0.0012402,
    "犯罪": 0.0012269,
    "女大学生": 0.0011336,
    "躺平": 0.0011084,
    "判罚": 0.0010687,
    "节目": 0.0010389,
    "下架": 0.0010169,
    "涉事": 0.0009999,
    "北京": 0.0009434,
    "子女": 0.0009344,
    "冰淇淋": 0.000921,
    "营销": 0.0008887,
    "女孩": 0.0008852,
    "内卷": 0.0008835,
    "用户": 0.0008793,
    "维克拉马辛哈": 0.0008768,
    "鲍里斯": 0.0008462,
    "重申": 0.0008383,
    "治疗": 0.0008273,
    "长征三号": 0.0008141,
    "离境": 0.0007954,
    "西昌卫星发射中心": 0.0007778,
    "银行行长": 0.0007422,
    "我不是药神": 0.0007295,
    "访问": 0.000699,
    "刺杀": 0.0006587,
    "索赔": 0.0006535,
    "获赔": 0.0006478,
    "公司": 0.0006377,
    "航天器": 0.000619,
    "拘留": 0.0006129,
    "被害人": 0.0006055,
    "马尔代夫": 0.0006051,
    "禁止": 0.0006002,
    "飞船": 0.0005858,
    "蓝博": 0.0005712,
    "违反": 0.0005467,
    "枪击": 0.0005183,
    "车辆": 0.0005134,
    "突击": 0.0005107,
    "卫星": 0.0004887,
    "碳中和": 0.0004885,
    "维权": 0.0004877,
    "总监": 0.0004836,
    "删除": 0.0004805,
    "乐视": 0.0004636,
    "诗人": 0.000456,
    "哈根达斯": 0.0004532,
    "赔偿": 0.0004462,
    "科技": 0.0004262,
    "失去": 0.0004141,
    "留任": 0.0003973,
    "全州": 0.0003889,
    "评分": 0.0003693,
    "宣判": 0.0003645,
    "电视": 0.0003496,
    "虚假信息": 0.0003373,
    "广播": 0.0003349,
    "设计师": 0.0003268,
    "最伟大的作品": 0.0003236,
    "神仙": 0.0003135,
    "学生": 0.0002924,
    "重庆": 0.0002899,
    "被告": 0.0002857,
    "日本": 0.0002772,
    "永久": 0.0002718,
    "联播": 0.000268,
    "安倍晋三": 0.0002673,
    "领导人": 0.0002663,
    "妇联": 0.0002589,
    "街头": 0.0002569,
    "盗窃": 0.0002556,
    "金额": 0.0002423,
    "逃税": 0.0002337,
    "赵立坚": 0.0002298,
    "见证": 0.0002211,
    "违法": 0.0002202,
    "生产": 0.0002087,
    "5亿": 0.000208,
    "清算": 0.0002008,
    "道歉": 0.0001976,
    "买房车": 0.0001925,
    "首席": 0.0001909,
    "死缓": 0.000187,
    "社保": 0.0001849,
    "议长": 0.0001817,
    "体征": 0.0001805,
    "申请": 0.0001793,
    "移交": 0.0001781,
    "黄码": 0.0001741,
    "检验": 0.0001693,
    "监控": 0.0001685,
    "报恩": 0.0001656,
    "涉嫌": 0.0001655,
    "汽车": 0.0001642,
    "小树林": 0.0001641,
    "运营": 0.0001633,
    "激烈": 0.0001589,
    "收购": 0.0001575,
    "学校ip": 0.0001543,
    "资本": 0.0001518,
    "诈骗": 0.0001515,
    "签订": 0.0001494,
    "董事会": 0.0001476,
    "餐厅": 0.0001475,
    "快递": 0.000146,
    "线索": 0.0001459,
    "现任": 0.0001435,
    "预防": 0.0001414,
    "炒币": 0.0001398,
    "阳性": 0.0001394,
    "通知书": 0.0001392,
    "纯属": 0.0001377,
    "世茂": 0.0001371,
    "一例": 0.0001356,
    "全县": 0.0001355,
    "第一时间": 0.0001353,
    "误导": 0.000135,
    "症状": 0.000133,
    "核实": 0.0001323,
    "中枪": 0.0001322,
    "4岁男童": 0.0001318,
    "天链": 0.0001296,
    "总统": 0.0001248,
    "规范": 0.0001217,
    "嫌疑人": 0.0001208,
    "绩效": 0.0001204,
    "检出": 0.000118,
    "环保": 0.0001177,
    "解决方案": 0.0001174
}