{
    "公司": 0.9010077,
    "员工": 0.7871901,
    "周杰伦": 0.7755328,
    "家暴": 0.6333638,
    "斯里兰卡": 0.4624212,
    "华为": 0.4319441,
    "宣布": 0.4118785,
    "约翰逊": 0.3586173,
    "苹果": 0.2842102,
    "最伟大的作品": 0.269048,
    "南京": 0.2083664,
    "警方": 0.2054545,
    "武汉大学": 0.1766327,
    "统一": 0.1733581,
    "发射": 0.1721896,
    "余秀华": 0.1636201,
    "女孩": 0.1326294,
    "学生": 0.1210192,
    "卫星": 0.118928,
    "涉嫌": 0.1153157,
    "破产": 0.1141671,
    "终止": 0.1086582,
    "违规": 0.1006715,
    "超生": 0.1,
    "安倍": 0.1,
    "雨衣男": 0.1,
    "违法犯罪": 0.0932528,
    "传闻": 0.0920188,
    "嫌疑人": 0.090406,
    "下架": 0.0866965,
    "谭谈交通": 0.0839538,
    "唐山": 0.0833374,
    "两人": 0.0780741,
    "街道": 0.0780137,
    "辞职": 0.0721311,
    "数据库": 0.0720016,
    "霍乱病例": 0.0697231,
    "总统": 0.0678489,
    "全州": 0.0656027,
    "总监": 0.0655583,
    "豆瓣": 0.0655537,
    "云南": 0.0650727,
    "英国": 0.0636431,
    "死刑": 0.0613078,
    "侵权": 0.0595634,
    "永久": 0.059118,
    "具体情况": 0.0584739,
    "3亿": 0.0544469,
    "内卷": 0.0542344,
    "招聘": 0.0520026,
    "画面": 0.0504811,
    "一例": 0.0494623,
    "日本": 0.0491565,
    "美元": 0.0488635,
    "特斯拉": 0.0484601,
    "母女": 0.047665,
    "致歉": 0.0474713,
    "总理": 0.046205,
    "孩子": 0.0440149,
    "苏州": 0.0433478,
    "WPS": 0.042622,
    "子女": 0.041208,
    "英国首相": 0.0403283,
    "旅游": 0.0402429,
    "地上": 0.0399488,
    "冰淇淋": 0.0398432,
    "身亡": 0.0392772,
    "被判": 0.0383925,
    "10亿": 0.0374523,
    "女大学生": 0.0370753,
    "宣判": 0.0357766,
    "轨道": 0.034725,
    "治疗": 0.0339721,
    "开启": 0.0331385,
    "本地文件": 0.0324793,
    "预约": 0.0315004,
    "起火": 0.0309379,
    "江西": 0.0307361,
    "清算": 0.030671,
    "新专辑": 0.030385,
    "曝光": 0.029592,
    "广西": 0.0287211,
    "实施": 0.027889,
    "地球": 0.0272931,
    "市政府": 0.0272836,
    "印度": 0.0270811,
    "拘留": 0.0265894,
    "离婚": 0.0265544,
    "陈春花": 0.0254903,
    "收购": 0.0251842,
    "2人": 0.0250165,
    "马斯克": 0.0244186,
    "企业": 0.0242609,
    "苏宁": 0.0240538,
    "世茂": 0.0231718,
    "新东方": 0.0228659,
    "局长": 0.0228131,
    "紧急状态": 0.0227446,
    "乐视": 0.022627,
    "驾车": 0.0225504,
    "行程": 0.022488,
    "顺利": 0.0219323,
    "社会调剂": 0.0216775,
    "刺杀": 0.0215349,
    "违约": 0.0208843,
    "电视台": 0.0208111,
    "彬彬": 0.0198815,
    "京东": 0.0194654,
    "先行曲": 0.0193723,
    "枪击": 0.0191983,
    "快递": 0.0189948,
    "易购": 0.0188659,
    "茅台": 0.0186978,
    "实验室": 0.0185341,
    "传言": 0.018193,
    "比亚迪": 0.0180469,
    "供述": 0.017993,
    "倒地": 0.0178994,
    "被告人": 0.0178648,
    "迪士尼": 0.0177441,
    "合约": 0.0176267,
    "股份": 0.016854,
    "用户": 0.016137,
    "面包": 0.015839,
    "经营": 0.0157314,
    "被骗": 0.0156877,
    "立案": 0.0156692,
    "麦当劳": 0.0154817,
    "预定": 0.0149216,
    "罗崇敏": 0.0143435,
    "失去": 0.0141726,
    "性关系": 0.0138869,
    "爆发": 0.0136403,
    "删除": 0.0134784,
    "拖拽": 0.0133316,
    "抱走": 0.0129886,
    "教育厅": 0.0129254,
    "安倍晋三": 0.012882,
    "开分": 0.0128224,
    "小树林": 0.0125407,
    "霍乱": 0.0124706,
    "袁冰妍": 0.0123697,
    "起诉": 0.0122608,
    "洪峤": 0.0119619,
    "美国": 0.0119296,
    "发布": 0.0119235,
    "养父": 0.0117279,
    "医学": 0.0115838,
    "检验": 0.0115427,
    "检测": 0.0113034,
    "潜逃": 0.0111774,
    "演员": 0.0110862,
    "盖章": 0.0110823,
    "台风": 0.0109512,
    "目标": 0.0109247,
    "七七事变": 0.0108859,
    "天链": 0.0106518,
    "杀人": 0.0105707,
    "判罚": 0.010554,
    "生命": 0.0102632,
    "推特": 0.0102036,
    "双胞胎": 0.0101737,
    "董卿": 0.0101461,
    "德国": 0.0100771,
    "66万": 0.0098926,
    "进屋": 0.0098906,
    "总部": 0.0097612,
    "我不是药神": 0.0097475,
    "重症": 0.0097295,
    "颈部": 0.0096886,
    "祝贺": 0.0095212,
    "米老鼠": 0.0094771,
    "美图": 0.0094752,
    "续约": 0.0093723,
    "胸部": 0.0093379,
    "歌单": 0.0093312,
    "运载火箭": 0.0092861,
    "营销": 0.0091967,
    "法院": 0.0090857,
    "教授": 0.0090298,
    "男友": 0.0090207,
    "厅长": 0.0090097,
    "谭乔": 0.0088211,
    "强制执行": 0.0087569,
    "合同": 0.0086185,
    "买房车": 0.0086085,
    "取消": 0.0085293,
    "辞退": 0.008487,
    "环保": 0.0083806,
    "山东": 0.0080069,
    "全面": 0.0080031,
    "调剂": 0.008,
    "生下": 0.0079802,
    "转绿码": 0.0078879,
    "被害": 0.0078386,
    "一审": 0.0076619,
    "犯罪": 0.0074031,
    "载人": 0.0073129,
    "学校IP": 0.007299,
    "维护": 0.0072598,
    "洪某": 0.0071595,
    "法律责任": 0.0071183,
    "业务": 0.0070058,
    "拉贾帕克萨": 0.007004,
    "关闭": 0.0069438,
    "前一晚": 0.0068044,
    "货架": 0.0067608,
    "全县": 0.0067336,
    "武汉": 0.0067006,
    "中枪": 0.0066017,
    "职务": 0.0065189,
    "报恩": 0.0064879,
    "4岁男童": 0.0064253,
    "遇害案": 0.0062426,
    "85周年": 0.0061597,
    "扎伤": 0.006022,
    "辞去": 0.0059991,
    "冲卡": 0.005916,
    "节目": 0.0058591,
    "被害案": 0.0058547,
    "前妻": 0.0058075,
    "被判赔": 0.0057756,
    "巴菲特": 0.005759,
    "禁止": 0.005665,
    "敏感": 0.0056269,
    "妇联": 0.0055454,
    "涉事": 0.0055188,
    "被害人": 0.0054701,
    "形象": 0.0054649,
    "上报": 0.0053711,
    "有限公司": 0.005358,
    "核酸": 0.005301,
    "抗议者": 0.0052973,
    "爆料": 0.0052959,
    "办公室": 0.0052834,
    "新歌": 0.0052763,
    "广播": 0.0052695,
    "核实": 0.0052576,
    "中继": 0.0052559,
    "版权": 0.0052207,
    "大学": 0.0052126,
    "偷漏税": 0.0051712,
    "音乐": 0.0051137,
    "转让": 0.0050286,
    "微信": 0.0049567,
    "体征": 0.0049468,
    "审核": 0.0049449,
    "报警": 0.0049212,
    "炒币": 0.004907,
    "哈根达斯": 0.004846,
    "传播": 0.0047959,
    "工作岗位": 0.0047033,
    "躺平": 0.0046398,
    "全网": 0.0046384,
    "中级人民法院": 0.0045997,
    "97万": 0.0045192,
    "锁定": 0.0044954,
    "北大": 0.0044902,
    "赶着": 0.0044654,
    "提供数据": 0.0044403,
    "演讲时": 0.0043519,
    "浮亏": 0.0042405,
    "女高管": 0.0042388,
    "莱阳": 0.0041228,
    "访问": 0.0041118,
    "赔偿": 0.0041023,
    "剥夺": 0.0040942,
    "正式": 0.0040735,
    "案一审": 0.0040237,
    "维权": 0.0040066,
    "男子": 0.004005
}