{
    "公司": 0.9010375,
    "员工": 0.7871918,
    "周杰伦": 0.7755328,
    "斯里兰卡": 0.4624212,
    "华为": 0.4319444,
    "宣布": 0.4118609,
    "约翰逊": 0.362112,
    "苹果": 0.2842102,
    "最伟大的作品": 0.269048,
    "南京": 0.2105042,
    "警方": 0.2054446,
    "家暴": 0.1856201,
    "武汉大学": 0.1766327,
    "统一": 0.1733581,
    "发射": 0.1721896,
    "余秀华": 0.1652158,
    "女孩": 0.1326294,
    "学生": 0.1210246,
    "卫星": 0.118928,
    "涉嫌": 0.1153157,
    "破产": 0.1148032,
    "终止": 0.1086582,
    "违规": 0.100672,
    "超生": 0.1,
    "安倍": 0.1,
    "雨衣男": 0.1,
    "违法犯罪": 0.0932528,
    "嫌疑人": 0.090406,
    "下架": 0.0866965,
    "谭谈交通": 0.0839538,
    "唐山": 0.0833372,
    "两人": 0.0780741,
    "街道": 0.0780137,
    "集团": 0.0772601,
    "数据库": 0.0720016,
    "辞职": 0.0715197,
    "霍乱病例": 0.0697231,
    "男子": 0.0686142,
    "总统": 0.0678488,
    "全州": 0.0656027,
    "总监": 0.0655583,
    "豆瓣": 0.0655537,
    "云南": 0.0650731,
    "英国": 0.0642694,
    "死刑": 0.0619076,
    "被封": 0.0602914,
    "侵权": 0.0601443,
    "永久": 0.059118,
    "3亿": 0.054446,
    "内卷": 0.0542344,
    "招聘": 0.0520028,
    "画面": 0.0504808,
    "一例": 0.0494623,
    "日本": 0.0491543,
    "美元": 0.0488621,
    "特斯拉": 0.0484601,
    "母女": 0.047665,
    "致歉": 0.0474713,
    "总理": 0.046205,
    "孩子": 0.0453242,
    "苏州": 0.0433478,
    "WPS": 0.042622,
    "子女": 0.041208,
    "英国首相": 0.0407213,
    "旅游": 0.0402429,
    "冰淇淋": 0.0402393,
    "身亡": 0.0392442,
    "被判": 0.0387668,
    "女大学生": 0.0375038,
    "10亿": 0.0374523,
    "宣判": 0.0361857,
    "轨道": 0.034725,
    "北京": 0.0346448,
    "治疗": 0.0339721,
    "开启": 0.0331376,
    "本地文件": 0.0324793,
    "预约": 0.0315004,
    "江西": 0.0310492,
    "起火": 0.0309379,
    "清算": 0.0308498,
    "新专辑": 0.0306605,
    "曝光": 0.0295913,
    "广西": 0.0287211,
    "一审": 0.0284218,
    "实施": 0.0278881,
    "印度": 0.0273885,
    "地球": 0.0272931,
    "市政府": 0.0272836,
    "拘留": 0.0265894,
    "离婚": 0.0265542,
    "陈春花": 0.0254903,
    "收购": 0.0251842,
    "2人": 0.0250163,
    "马斯克": 0.0243454,
    "苏宁": 0.0241878,
    "企业": 0.0241218,
    "世茂": 0.0231718,
    "局长": 0.0230356,
    "新东方": 0.0228333,
    "驾车": 0.0227708,
    "紧急状态": 0.0227446,
    "乐视": 0.022627,
    "行程": 0.022488,
    "顺利": 0.0219323,
    "社会调剂": 0.0216775,
    "刺杀": 0.0215349,
    "违约": 0.0208843,
    "电视台": 0.0208111,
    "生下": 0.0205811,
    "彬彬": 0.0198815,
    "京东": 0.0194654,
    "先行曲": 0.0193128,
    "枪击": 0.0191983,
    "快递": 0.0189948,
    "易购": 0.0189766,
    "茅台": 0.0189727,
    "实验室": 0.0185341,
    "传言": 0.018193,
    "比亚迪": 0.0180469,
    "被告人": 0.0180397,
    "供述": 0.017993,
    "倒地": 0.0178994,
    "迪士尼": 0.0177441,
    "合约": 0.0176267,
    "股份": 0.016854,
    "用户": 0.0161369,
    "被压": 0.0160636,
    "立案": 0.0158867,
    "经营": 0.015845,
    "面包": 0.015839,
    "被骗": 0.015828,
    "麦当劳": 0.0154817,
    "被家暴": 0.0149601,
    "预定": 0.0149216,
    "罗崇敏": 0.0143435,
    "失去": 0.0139443,
    "性关系": 0.0138869,
    "爆发": 0.0137741,
    "删除": 0.0134783,
    "拖拽": 0.0133316,
    "抱走": 0.0129886,
    "教育厅": 0.0129254,
    "安倍晋三": 0.012882,
    "开分": 0.0128224,
    "小树林": 0.0125407,
    "霍乱": 0.0124706,
    "起诉": 0.0123859,
    "袁冰妍": 0.0123697,
    "洪峤": 0.0120785,
    "美国": 0.011936,
    "发布": 0.0119159,
    "放回": 0.0117759,
    "养父": 0.0117279,
    "医学": 0.0115838,
    "检验": 0.0115428,
    "检测": 0.0113034,
    "潜逃": 0.0111774,
    "演员": 0.0110862,
    "盖章": 0.0110823,
    "七七事变": 0.0109924,
    "台风": 0.0109512,
    "目标": 0.0109247,
    "回家": 0.0107498,
    "传播": 0.0107037,
    "杀人": 0.0106751,
    "判罚": 0.0106569,
    "天链": 0.0106518,
    "双胞胎": 0.0102729,
    "生命": 0.0102624,
    "推特": 0.0102036,
    "董卿": 0.0101461,
    "德国": 0.010077,
    "66万": 0.0098926,
    "进屋": 0.0098906,
    "我不是药神": 0.0098428,
    "总部": 0.0097612,
    "重症": 0.0097295,
    "颈部": 0.0096886,
    "祝贺": 0.0095212,
    "米老鼠": 0.0094771,
    "美图": 0.0094752,
    "续约": 0.0093723,
    "胸部": 0.0093379,
    "歌单": 0.0093312,
    "运载火箭": 0.0092861,
    "营销": 0.0091966,
    "法院": 0.0091791,
    "男友": 0.009109,
    "教授": 0.0090298,
    "厅长": 0.0090097,
    "维权": 0.0089972,
    "谭乔": 0.0088211,
    "强制执行": 0.0087569,
    "合同": 0.0086185,
    "买房车": 0.0086085,
    "取消": 0.0085293,
    "辞退": 0.008487,
    "环保": 0.0083806,
    "调剂": 0.0081853,
    "山东": 0.0080069,
    "全面": 0.0080016,
    "转绿码": 0.0078879,
    "被害": 0.0078386,
    "遇害案": 0.0076234,
    "犯罪": 0.007403,
    "载人": 0.0073129,
    "学校IP": 0.007299,
    "维护": 0.0072602,
    "洪某": 0.0072293,
    "法律责任": 0.0071756,
    "拉贾帕克萨": 0.007004,
    "业务": 0.0069586,
    "关闭": 0.0069438,
    "前一晚": 0.0068044,
    "货架": 0.0067608,
    "全县": 0.0067336,
    "武汉": 0.0067006,
    "中枪": 0.0066017,
    "职务": 0.0065852,
    "4岁男童": 0.006488,
    "报恩": 0.0064879,
    "85周年": 0.0062197,
    "辞去": 0.00606,
    "扎伤": 0.006022,
    "冲卡": 0.005916,
    "节目": 0.0058591,
    "前妻": 0.0058075,
    "被判赔": 0.0057751,
    "巴菲特": 0.0057592,
    "禁止": 0.005665,
    "敏感": 0.0056269,
    "妇联": 0.0055995,
    "涉事": 0.0055188,
    "被害人": 0.0054688,
    "形象": 0.0054649,
    "上报": 0.0053711,
    "有限公司": 0.0053546,
    "新歌": 0.0053262,
    "被害案": 0.0053202,
    "核酸": 0.005303,
    "抗议者": 0.0052973,
    "爆料": 0.0052959,
    "办公室": 0.0052833,
    "广播": 0.0052695,
    "版权": 0.00526,
    "核实": 0.0052576,
    "中继": 0.0052559,
    "大学": 0.0052126,
    "偷漏税": 0.0051712,
    "音乐": 0.0051195,
    "转让": 0.0050286,
    "微信": 0.0049566,
    "体征": 0.0049468,
    "审核": 0.0049449
}