{
    "苹果": 0.6932017,
    "禁止": 0.683144,
    "公司": 0.5991896,
    "形象": 0.5445619,
    "有限公司": 0.5242121,
    "法院": 0.5240601,
    "河北": 0.519424,
    "监控": 0.5097434,
    "角色": 0.5079989,
    "高中": 0.5074435,
    "当初": 0.5061773,
    "病毒": 0.5042286,
    "汽车": 0.5035743,
    "休息": 0.5033618,
    "小时候": 0.5032524,
    "广州": 0.5032289,
    "庆祝": 0.5030751,
    "江苏": 0.5028284,
    "考生": 0.5027778,
    "清晰": 0.5018399,
    "迎来": 0.5018173,
    "7天": 0.5016122,
    "就业": 0.5013026,
    "联盟": 0.5012818,
    "负责人": 0.5011094,
    "收获": 0.5010895,
    "加速": 0.5010572,
    "形势": 0.5009874,
    "没看": 0.5009269,
    "直播间": 0.5009233,
    "防控": 0.5006024,
    "层面": 0.5004771,
    "早在": 0.5003472,
    "差点": 0.5003032,
    "歌曲": 0.5002924,
    "排查": 0.4994462,
    "街道": 0.4937375,
    "好听": 0.4677797,
    "无症状": 0.4571325,
    "爆料": 0.4566085,
    "本土": 0.4564041,
    "感染者": 0.4559297,
    "安徽": 0.4540483,
    "计算": 0.4537005,
    "房子": 0.4534822,
    "单纯": 0.4532866,
    "制度": 0.4532507,
    "疾病": 0.4532114,
    "案例": 0.4530872,
    "颜色": 0.4529976,
    "公平": 0.4529906,
    "客户": 0.452646,
    "脖子": 0.4524967,
    "出行": 0.452261,
    "爱国": 0.4522207,
    "奇怪": 0.4520592,
    "愤怒": 0.4519437,
    "场景": 0.4519419,
    "研究生": 0.4518958,
    "致敬": 0.4516877,
    "对不起": 0.451666,
    "岗位": 0.4516618,
    "激烈": 0.4515415,
    "上热": 0.4515173,
    "状况": 0.4515121,
    "赵丽颖": 0.4513738,
    "合格": 0.4513565,
    "精准": 0.4512585,
    "权利": 0.4511961,
    "演唱会": 0.4511134,
    "澳大利亚": 0.4508332,
    "遗憾": 0.4508303,
    "黄金": 0.4508225,
    "出事": 0.4508189,
    "惩罚": 0.4508141,
    "力度": 0.4507602,
    "消失": 0.4507219,
    "登陆": 0.4507114,
    "借助": 0.4505906,
    "旋律": 0.4505853,
    "网红": 0.4505593,
    "参考": 0.4505562,
    "日记": 0.4505557,
    "疫苗": 0.4505524,
    "开车": 0.4505126,
    "朋友圈": 0.4504918,
    "温暖": 0.4504089,
    "仔细": 0.450318,
    "义务": 0.4503027,
    "地步": 0.4502765,
    "男朋友": 0.4502654,
    "好人": 0.4502543,
    "早日": 0.4502396,
    "涨价": 0.4501706,
    "携带": 0.4501645,
    "告别": 0.4501557,
    "奶茶": 0.4501404,
    "暴雨": 0.4499838,
    "开放": 0.4463446,
    "法律责任": 0.4448941,
    "转向": 0.4324887,
    "消防": 0.4254177,
    "生态": 0.4231508,
    "售价": 0.4182743,
    "出口": 0.4144972,
    "监测": 0.4116071,
    "意外": 0.4108645,
    "卫健委": 0.4090005,
    "员工": 0.4085824,
    "食品": 0.408121,
    "例行": 0.4080973,
    "土地": 0.4079228,
    "股票": 0.4065244,
    "原神": 0.404457,
    "国产": 0.4042672,
    "关心": 0.4041753,
    "协助": 0.4035233,
    "事业": 0.4033337,
    "德国": 0.4032234,
    "新浪": 0.403174,
    "打破": 0.4031625,
    "炒作": 0.4030323,
    "没错": 0.4030231,
    "商家": 0.4030161,
    "祖国": 0.4029571,
    "导演": 0.4029548,
    "持有": 0.4029136,
    "时光": 0.4029112,
    "诈骗": 0.4028842,
    "毕业生": 0.4027923,
    "打工": 0.4027422,
    "不算": 0.402733,
    "听听": 0.4026992,
    "佩服": 0.4026471,
    "效率": 0.4026181,
    "信任": 0.4024906,
    "上海市": 0.4024377,
    "我会": 0.402373,
    "开发": 0.4023692,
    "普京": 0.4023289,
    "茅台": 0.4021864,
    "表演": 0.4021816,
    "表情": 0.4021633,
    "警惕": 0.4019504,
    "旗下": 0.4019271,
    "美食": 0.4018822,
    "东北": 0.4018326,
    "消费": 0.4016758,
    "委屈": 0.4015683,
    "较大": 0.4014585,
    "危害": 0.4014514,
    "发行": 0.4013948,
    "性质": 0.4013887,
    "演唱": 0.4013046,
    "主体": 0.4012418,
    "环节": 0.4011869,
    "疾控中心": 0.401174,
    "设施": 0.4011316,
    "新星": 0.4011219,
    "大街": 0.4010769,
    "杀人": 0.4010228,
    "不堪": 0.4009935,
    "级别": 0.4009933,
    "欺负": 0.4009869,
    "不住": 0.4009858,
    "武汉": 0.4009596,
    "覆盖": 0.4009482,
    "公安机关": 0.400886,
    "歌手": 0.4008798,
    "心动": 0.4008769,
    "顺便": 0.4007276,
    "派出所": 0.4007263,
    "就让": 0.4006959,
    "热门": 0.4006896,
    "贡献": 0.4006597,
    "常识": 0.4006466,
    "疑似病例": 0.4006123,
    "展现": 0.4005874,
    "天然": 0.4005823,
    "交付": 0.4005577,
    "表面": 0.4005466,
    "活跃": 0.4005326,
    "妥协": 0.4005236,
    "军队": 0.4005227,
    "带动": 0.4004945,
    "怪不得": 0.4004916,
    "看不到": 0.40049,
    "命运": 0.4004829,
    "号称": 0.4004759,
    "必备": 0.4004742,
    "正义": 0.4004698,
    "正好": 0.4004332,
    "最强": 0.4004104,
    "幻想": 0.4004016,
    "判决": 0.4003964,
    "引导": 0.4003513,
    "突发": 0.4003255,
    "发挥": 0.4003163,
    "密码": 0.4003161,
    "答案": 0.4003016,
    "乘坐": 0.4002682,
    "建筑": 0.4002577,
    "迎接": 0.4002558,
    "替代": 0.4002365,
    "比如说": 0.4002102,
    "身材": 0.4002091,
    "强化": 0.4002049,
    "江西": 0.4001398,
    "增强": 0.4001209,
    "隔壁": 0.4000182,
    "培养": 0.399955,
    "山河": 0.3998472,
    "门口": 0.3998227,
    "封号": 0.3997258,
    "部署": 0.3996863,
    "赵立坚": 0.3995145,
    "实用": 0.3993947,
    "部队": 0.3993316,
    "倒闭": 0.3991968,
    "二级": 0.3990069,
    "自主": 0.3989342,
    "股份": 0.3988148,
    "实验": 0.3981562,
    "省份": 0.3980811,
    "管理局": 0.3980596,
    "救援": 0.3975689,
    "战略": 0.3964273,
    "新疆": 0.3958152,
    "牛奶": 0.3946383,
    "电池": 0.3925122,
    "3亿": 0.3850327,
    "传闻": 0.3846721,
    "回归祖国": 0.382992,
    "新歌": 0.3745193,
    "阅读": 0.3668294,
    "关闭": 0.365238,
    "公安部": 0.362195,
    "山东": 0.360862,
    "分局": 0.360185,
    "成分": 0.3592721,
    "赔偿": 0.3576584,
    "整改": 0.3570913,
    "世锦赛": 0.3563795,
    "监督": 0.356328,
    "制裁": 0.3561801,
    "有钱人": 0.3557935,
    "对手": 0.3545694,
    "配置": 0.3538865,
    "智商": 0.3535077,
    "履行": 0.3534914,
    "填报": 0.3533473,
    "预警": 0.3532664,
    "远离": 0.3532279,
    "害怕": 0.3531001,
    "事实上": 0.3529689,
    "长沙": 0.352879,
    "不服": 0.3527797,
    "浙江": 0.3527031,
    "进来": 0.3525837,
    "套路": 0.3525567,
    "湖南": 0.3525545,
    "指数": 0.3525537,
    "殴打": 0.3525166,
    "面积": 0.3524136,
    "日报": 0.3523473,
    "姑娘": 0.352323,
    "冠军": 0.3522924,
    "宝贝": 0.3522624,
    "还算": 0.3522048,
    "动态": 0.3521278,
    "水军": 0.3520896,
    "手里": 0.3519347,
    "超市": 0.3518078,
    "带有": 0.3518046,
    "思考": 0.3516453,
    "成熟": 0.3516337,
    "维权": 0.35154,
    "结论": 0.3515354,
    "影像": 0.3515338,
    "地位": 0.3515242,
    "大事": 0.351512,
    "剧情": 0.3515008,
    "广场": 0.351442,
    "穷人": 0.3513455,
    "占据": 0.3513352,
    "将来": 0.3513321,
    "出生": 0.3513167,
    "不配": 0.3512696,
    "福建": 0.3512648,
    "相遇": 0.3512049,
    "最爱": 0.3511797,
    "俄军": 0.3511548,
    "侵略": 0.3511442,
    "造型": 0.3511161,
    "理想": 0.3510841,
    "全省": 0.3509832,
    "客观": 0.3509439,
    "指挥部": 0.3509254,
    "说好": 0.3509059,
    "光遇": 0.3508933,
    "批评": 0.3508741,
    "扩散": 0.3508679,
    "无所谓": 0.3508667,
    "还给": 0.3508646,
    "形容": 0.350856,
    "新能源": 0.3508327,
    "常态": 0.35081,
    "街头": 0.3507966,
    "实在太": 0.3507084,
    "早间": 0.3506831,
    "股东": 0.3506686,
    "运输": 0.3506485,
    "玩意儿": 0.3506459,
    "情节": 0.3506391,
    "带上": 0.3506371,
    "交给": 0.3506367,
    "打死": 0.3506363,
    "订单": 0.3506322,
    "名义": 0.3506311,
    "切实": 0.3506223,
    "主义": 0.3506217,
    "论文": 0.3505827,
    "管管": 0.3505756,
    "折磨": 0.3505555,
    "明年": 0.350527,
    "不利": 0.3505267,
    "轨迹": 0.350522,
    "高端": 0.3505212,
    "影视": 0.3504857,
    "不顾": 0.3504591,
    "更何况": 0.3504404,
    "高度重视": 0.3504332,
    "足以": 0.350432,
    "傻子": 0.3504284,
    "纯粹": 0.3504215,
    "观念": 0.350419,
    "调侃": 0.3504122,
    "广播": 0.350396,
    "证据": 0.3503921,
    "依赖": 0.3503896,
    "吃亏": 0.3503831,
    "再见": 0.3503756,
    "评分": 0.3503564,
    "想着": 0.3503508,
    "舞蹈": 0.3503478,
    "指标": 0.3503477,
    "贵州": 0.3503407,
    "房地产": 0.3503401,
    "天价": 0.3503381,
    "辽宁": 0.350334,
    "出席": 0.3503307,
    "碾压": 0.3503246,
    "编辑": 0.3502958,
    "解决问题": 0.3502793,
    "取决于": 0.3502744,
    "正常人": 0.3502598,
    "控股": 0.3502471,
    "有用": 0.3502274,
    "缺少": 0.3502273,
    "路口": 0.3502263,
    "私信": 0.3502164,
    "治安": 0.3502143,
    "度过": 0.3502141,
    "礼物": 0.3502108,
    "敢于": 0.3502066,
    "公正": 0.3502034,
    "探探": 0.3501949,
    "影视剧": 0.3501924,
    "沉默": 0.3501892,
    "动手": 0.3501801,
    "集结": 0.3501785,
    "查到": 0.3501778,
    "才华": 0.3501758,
    "隐患": 0.3501754,
    "探案": 0.3501624,
    "完善": 0.3501525,
    "县城": 0.3501523,
    "无脑": 0.3501478,
    "问问": 0.3501435,
    "时隔": 0.3501339,