{
    "公司": 0.935799,
    "员工": 0.7885643,
    "周杰伦": 0.7737239,
    "孩子": 0.6055167,
    "斯里兰卡": 0.4696985,
    "用户": 0.4681913,
    "家暴": 0.4442455,
    "约翰逊": 0.3999993,
    "删除": 0.2479871,
    "宣布": 0.2303057,
    "南京": 0.1977953,
    "华为": 0.1868822,
    "武汉大学": 0.1845237,
    "唐山": 0.1811515,
    "警方": 0.1675698,
    "苹果": 0.1633104,
    "余秀华": 0.1517951,
    "最伟大的作品": 0.1394695,
    "统一": 0.1146246,
    "超生": 0.1,
    "安倍": 0.1,
    "雨衣男": 0.1,
    "谭谈交通": 0.0913414,
    "女孩": 0.0713528,
    "豆瓣": 0.067077,
    "男子": 0.0612583,
    "全州": 0.0585519,
    "霍乱病例": 0.0573747,
    "招聘": 0.0513432,
    "母女": 0.0488357,
    "嫌疑人": 0.0461814,
    "特斯拉": 0.0439645,
    "发射": 0.0394427,
    "开启": 0.0383653,
    "违规": 0.0381608,
    "女大学生": 0.0367668,
    "一例": 0.0360407,
    "德国": 0.0342622,
    "美元": 0.0332164,
    "死刑": 0.0331358,
    "两人": 0.0329743,
    "终止": 0.0317147,
    "乐视": 0.0304124,
    "数据库": 0.0299803,
    "预约": 0.0283818,
    "下架": 0.0279051,
    "本地文件": 0.0260473,
    "内卷": 0.0259883,
    "苏州": 0.0256937,
    "涉嫌": 0.0253585,
    "英国首相": 0.0240299,
    "3亿": 0.0234698,
    "美国": 0.0231043,
    "新东方": 0.0222633,
    "迪士尼": 0.0220344,
    "子女": 0.0215711,
    "10亿": 0.0214623,
    "违法犯罪": 0.0214401,
    "起火": 0.0214262,
    "总监": 0.021361,
    "侵权": 0.0212208,
    "街道": 0.0207916,
    "旅游": 0.0195936,
    "辞职": 0.0186872,
    "冰淇淋": 0.0176775,
    "传闻": 0.0176143,
    "永久": 0.0175489,
    "总统": 0.0171245,
    "宣判": 0.0161811,
    "比亚迪": 0.0161373,
    "世茂": 0.0160023,
    "身亡": 0.0159031,
    "袁冰妍": 0.015472,
    "社会调剂": 0.0152937,
    "米老鼠": 0.0148978,
    "画面": 0.0143581,
    "云南": 0.0136623,
    "市政府": 0.0130938,
    "地上": 0.0129531,
    "被判": 0.0124803,
    "谭乔": 0.0122843,
    "实验室": 0.0120921,
    "广西": 0.0119568,
    "破产": 0.0119001,
    "致歉": 0.0115451,
    "印度": 0.0114737,
    "紧急状态": 0.0114447,
    "版权": 0.0112989,
    "开分": 0.0111084,
    "总理": 0.011054,
    "马斯克": 0.0102249,
    "收购": 0.0099345,
    "局长": 0.0098221,
    "违约": 0.009428,
    "拘留": 0.0091359,
    "江西": 0.0088208,
    "刺杀": 0.0087428,
    "2人": 0.0084608,
    "陈春花": 0.0083685,
    "抱走": 0.0082388,
    "英国": 0.0080949,
    "股份": 0.0080531,
    "调剂": 0.0078869,
    "被告人": 0.0077489,
    "合约": 0.0076993,
    "霍乱": 0.0076864,
    "彬彬": 0.0072424,
    "京东": 0.0070562,
    "清算": 0.0068727,
    "行程": 0.0064348,
    "枪击": 0.0063383,
    "拖拽": 0.006311,
    "公务员": 0.0062694,
    "驾车": 0.0062687,
    "苏宁": 0.0062269,
    "面包": 0.0062167,
    "先行曲": 0.005915,
    "实施": 0.0058984,
    "发布": 0.005503,
    "性关系": 0.005465,
    "麦当劳": 0.0054149,
    "学生": 0.0053088,
    "一审": 0.0052917,
    "供述": 0.0052061,
    "养父": 0.0050065,
    "曝光": 0.0049503,
    "双胞胎": 0.0049096,
    "被骗": 0.0048983,
    "电视台": 0.0048507,
    "治疗": 0.0046916,
    "安倍晋三": 0.0046166,
    "董卿": 0.0046028,
    "易购": 0.0045944,
    "快递": 0.0045384,
    "医学": 0.0044269,
    "洪峤": 0.0043525,
    "潜逃": 0.0042915,
    "美图": 0.0042896,
    "进屋": 0.0042408,
    "检验": 0.0041727,
    "66万": 0.0041473,
    "七七事变": 0.0041326,
    "偷漏税": 0.00406,
    "环保": 0.003976,
    "营销": 0.0039434,
    "传言": 0.0039262,
    "强制执行": 0.0038419,
    "起诉": 0.0036809,
    "全县": 0.0036346,
    "买房车": 0.0036004,
    "罗崇敏": 0.0034636,
    "爆发": 0.0034577,
    "盖章": 0.0033939,
    "茅台": 0.0033823,
    "判罚": 0.0033483,
    "维权": 0.0033241,
    "被害": 0.0032603,
    "生下": 0.0031665,
    "洪某": 0.0031276,
    "巴菲特": 0.0030883,
    "转让": 0.0030696,
    "新专辑": 0.0030606,
    "学历": 0.0030354,
    "教育厅": 0.0029948,
    "辞退": 0.002984,
    "扎伤": 0.0029322,
    "续约": 0.0028975,
    "报恩": 0.0026796,
    "被害案": 0.0026792,
    "目标": 0.0026678,
    "我不是药神": 0.0026459,
    "生命": 0.0026334,
    "微信": 0.0025124,
    "97万": 0.0025044,
    "天链": 0.0024071,
    "推特": 0.002403,
    "全面": 0.0023302,
    "欧洲": 0.0023256,
    "北大": 0.0022935,
    "上报": 0.0022596,
    "货架": 0.0021728,
    "教授": 0.0021686,
    "取消": 0.0021581,
    "85周年": 0.0021331,
    "冲卡": 0.0020781,
    "转绿码": 0.0020193,
    "炒币": 0.0019859,
    "猥亵": 0.0019274,
    "厅长": 0.0019001,
    "总部": 0.001894,
    "前妻": 0.0018557,
    "被判赔": 0.0018249,
    "4岁男童": 0.0017833,
    "拒绝": 0.0017408,
    "演员": 0.0017209,
    "妇联": 0.0017162,
    "倒地": 0.0016906,
    "全日制": 0.0016807,
    "女高管": 0.001678,
    "检测": 0.0016168,
    "离婚": 0.0016077,
    "浮亏": 0.0016062,
    "遇害案": 0.0015943,
    "案一审": 0.0015702,
    "男友": 0.0015641,
    "赶着": 0.0015488,
    "广播": 0.0015296,
    "卫星": 0.0015072,
    "前一晚": 0.0014843,
    "躺平": 0.0014754,
    "莱阳": 0.0014255,
    "胸部": 0.0013358,
    "关闭": 0.0013334,
    "传播": 0.0013206,
    "辞去": 0.0012462,
    "职务": 0.0011829,
    "银行行长": 0.0011262,
    "新歌": 0.0011157,
    "赔偿": 0.0010936,
    "核实": 0.0010725,
    "道歉": 0.0010427,
    "重症": 0.0010427,
    "刘翔": 0.0010418,
    "报警": 0.0010345,
    "山东": 0.0010098,
    "批捕": 0.000996,
    "碳中和": 0.0009877,
    "版权保护": 0.0009688,
    "全州县": 0.0009617,
    "体征": 0.0009514,
    "拖走": 0.0009266,
    "放回": 0.0008879,
    "大学": 0.0008609,
    "遴选": 0.0008453,
    "炒至": 0.0008441,
    "祝贺": 0.0008428,
    "政坛": 0.0008085,
    "经营": 0.0008064,
    "企业": 0.0008039,
    "文件": 0.0008038,
    "小树林": 0.0007783,
    "中枪": 0.000777,
    "中同": 0.0007538,
    "蓝博": 0.0007538,
    "中学校长": 0.0007357,
    "涉事": 0.0007269,
    "颈部": 0.0007264,
    "演讲时": 0.0007261,
    "工作室": 0.00072,
    "全网": 0.0006824,
    "禁止": 0.0006598,
    "法院": 0.0006536,
    "立案查处": 0.000652,
    "哈根达斯": 0.000647,
    "拖进": 0.0006407
}