{
    "公司": 0.9349258,
    "员工": 0.7895311,
    "周杰伦": 0.7736518,
    "孩子": 0.6040998,
    "斯里兰卡": 0.4696163,
    "用户": 0.4681716,
    "约翰逊": 0.3999986,
    "删除": 0.248174,
    "宣布": 0.2305143,
    "南京": 0.1977298,
    "华为": 0.1869363,
    "武汉大学": 0.1845133,
    "唐山": 0.181756,
    "警方": 0.1677304,
    "苹果": 0.1635576,
    "余秀华": 0.152017,
    "最伟大的作品": 0.1395619,
    "统一": 0.1148667,
    "超生": 0.1,
    "安倍": 0.1,
    "雨衣男": 0.1,
    "谭谈交通": 0.0913373,
    "家暴": 0.089326,
    "女孩": 0.071395,
    "豆瓣": 0.0671336,
    "男子": 0.0614189,
    "全州": 0.0585543,
    "霍乱病例": 0.0573741,
    "失去": 0.0568987,
    "招聘": 0.0515062,
    "母女": 0.0488586,
    "集团": 0.0483958,
    "嫌疑人": 0.0462753,
    "特斯拉": 0.044113,
    "发射": 0.0395313,
    "开启": 0.0385155,
    "违规": 0.0381675,
    "女大学生": 0.0367758,
    "一例": 0.0361261,
    "德国": 0.034465,
    "美元": 0.0332972,
    "死刑": 0.0331969,
    "两人": 0.0329846,
    "终止": 0.0317392,
    "乐视": 0.0304821,
    "数据库": 0.0300363,
    "预约": 0.0284752,
    "下架": 0.0279907,
    "内卷": 0.0260909,
    "本地文件": 0.0260659,
    "苏州": 0.0257822,
    "涉嫌": 0.0254497,
    "美国": 0.025066,
    "英国首相": 0.0240633,
    "3亿": 0.0235112,
    "新东方": 0.0223785,
    "迪士尼": 0.0221173,
    "子女": 0.0216252,
    "违法犯罪": 0.0215244,
    "10亿": 0.0215092,
    "起火": 0.0214937,
    "侵权": 0.0213954,
    "总监": 0.0213854,
    "街道": 0.0208697,
    "旅游": 0.0196094,
    "辞职": 0.0185379,
    "冰淇淋": 0.0177597,
    "永久": 0.017551,
    "总统": 0.0174668,
    "宣判": 0.0162236,
    "比亚迪": 0.0162023,
    "世茂": 0.0160386,
    "被封": 0.0159448,
    "身亡": 0.0159346,
    "袁冰妍": 0.0154946,
    "社会调剂": 0.0153202,
    "米老鼠": 0.014955,
    "画面": 0.0143848,
    "云南": 0.0137183,
    "市政府": 0.0131274,
    "被判": 0.0125598,
    "谭乔": 0.0123061,
    "实验室": 0.0121016,
    "破产": 0.0120417,
    "广西": 0.0119914,
    "致歉": 0.0115926,
    "印度": 0.0115495,
    "紧急状态": 0.0114653,
    "版权": 0.0113564,
    "总理": 0.0112653,
    "开分": 0.011121,
    "北京": 0.0104508,
    "马斯克": 0.0102543,
    "收购": 0.009959,
    "局长": 0.0098771,
    "一审": 0.009646,
    "违约": 0.0094383,
    "拘留": 0.0091739,
    "江西": 0.008897,
    "刺杀": 0.0087643,
    "2人": 0.0084817,
    "陈春花": 0.0083946,
    "抱走": 0.0082566,
    "英国": 0.0082418,
    "生下": 0.0081322,
    "股份": 0.0080337,
    "调剂": 0.0079099,
    "被告人": 0.0077898,
    "合约": 0.0077318,
    "霍乱": 0.0077209,
    "彬彬": 0.0072719,
    "京东": 0.0071163,
    "清算": 0.0069049,
    "行程": 0.0064561,
    "枪击": 0.0063538,
    "驾车": 0.0063305,
    "拖拽": 0.0063274,
    "苏宁": 0.0062546,
    "面包": 0.0062446,
    "公务员": 0.0062061,
    "实施": 0.0059932,
    "先行曲": 0.0059399,
    "发布": 0.0056424,
    "性关系": 0.0054848,
    "麦当劳": 0.0054394,
    "学生": 0.0053245,
    "被家暴": 0.0053106,
    "供述": 0.0052158,
    "被骗": 0.0050459,
    "养父": 0.0050079,
    "曝光": 0.0049533,
    "电视台": 0.0049338,
    "双胞胎": 0.0049295,
    "放回": 0.0048231,
    "治疗": 0.0046967,
    "安倍晋三": 0.0046263,
    "易购": 0.0046158,
    "董卿": 0.0046038,
    "快递": 0.004578,
    "医学": 0.0044349,
    "被压": 0.0043871,
    "洪峤": 0.0043823,
    "潜逃": 0.0043077,
    "美图": 0.0042954,
    "进屋": 0.004253,
    "被害案": 0.004196,
    "检验": 0.0041937,
    "七七事变": 0.0041601,
    "66万": 0.0041484,
    "偷漏税": 0.0040711,
    "环保": 0.0040556,
    "营销": 0.0040003,
    "传言": 0.0039424,
    "强制执行": 0.0038424,
    "起诉": 0.0037055,
    "全县": 0.0036549,
    "买房车": 0.0036014,
    "爆发": 0.0034861,
    "罗崇敏": 0.0034774,
    "茅台": 0.0034142,
    "盖章": 0.0034059,
    "维权": 0.0033804,
    "判罚": 0.0033734,
    "被害": 0.0032617,
    "洪某": 0.0031393,
    "新专辑": 0.0031197,
    "巴菲特": 0.0031031,
    "学历": 0.0030904,
    "转让": 0.0030898,
    "教育厅": 0.0030069,
    "辞退": 0.0029876,
    "扎伤": 0.0029364,
    "续约": 0.0029102,
    "目标": 0.0026877,
    "报恩": 0.0026815,
    "我不是药神": 0.0026733,
    "生命": 0.0026322,
    "微信": 0.0025488,
    "97万": 0.0025135,
    "天链": 0.0024123,
    "推特": 0.002412,
    "欧洲": 0.0023521,
    "全面": 0.0023439,
    "北大": 0.0023163,
    "上报": 0.0022642,
    "教授": 0.0021916,
    "货架": 0.0021827,
    "取消": 0.0021734,
    "85周年": 0.0021482,
    "冲卡": 0.0020816,
    "转绿码": 0.0020278,
    "遇害案": 0.0020182,
    "炒币": 0.0019889,
    "猥亵": 0.0019484,
    "总部": 0.0019111,
    "厅长": 0.0019081,
    "前妻": 0.0018626,
    "被判赔": 0.0018359,
    "4岁男童": 0.001801,
    "演员": 0.0017908,
    "妇联": 0.0017323,
    "拒绝": 0.0017259,
    "卫星": 0.0017107,
    "全日制": 0.0017101,
    "离婚": 0.0016957,
    "倒地": 0.0016954,
    "女高管": 0.0016878,
    "检测": 0.0016668,
    "浮亏": 0.0016091,
    "男友": 0.0015883,
    "广播": 0.0015535,
    "赶着": 0.0015514,
    "躺平": 0.0014901,
    "前一晚": 0.0014868,
    "回家": 0.0014412,
    "莱阳": 0.001432,
    "传播": 0.0013658,
    "关闭": 0.0013578,
    "胸部": 0.0013399,
    "辞去": 0.0012675,
    "职务": 0.0012068,
    "新歌": 0.0011639,
    "银行行长": 0.0011334,
    "赔偿": 0.0011296,
    "核实": 0.0010919,
    "道歉": 0.0010748,
    "掉地上": 0.0010575,
    "刘翔": 0.0010532,
    "山东": 0.0010505,
    "报警": 0.0010477,
    "重症": 0.0010459,
    "批捕": 0.001001,
    "碳中和": 0.0009937,
    "版权保护": 0.0009842,
    "全州县": 0.0009755,
    "体征": 0.0009552,
    "拖走": 0.0009303,
    "大学": 0.000889,
    "遴选": 0.0008563,
    "祝贺": 0.0008514,
    "炒至": 0.0008498,
    "企业": 0.0008366,
    "文件": 0.0008222,
    "经营": 0.0008218,
    "政坛": 0.0008127,
    "小树林": 0.0007887,
    "中枪": 0.0007822,
    "中同": 0.0007575,
    "蓝博": 0.0007575,
    "中学校长": 0.0007421,
    "涉事": 0.000741,
    "工作室": 0.000736,
    "颈部": 0.0007292,
    "演讲时": 0.0007282
}