{
    "周杰伦": 0.7592444,
    "员工": 0.6349011,
    "孩子": 0.6020944,
    "用户": 0.3554409,
    "唐山": 0.3429345,
    "家暴": 0.2568738,
    "警方": 0.2493146,
    "公司": 0.2425941,
    "约翰逊": 0.2305886,
    "删除": 0.2150536,
    "统一": 0.2084598,
    "美国": 0.1554128,
    "最伟大的作品": 0.1439372,
    "南京": 0.1437466,
    "特斯拉": 0.133752,
    "开启": 0.1216624,
    "招聘": 0.1175731,
    "嫌疑人": 0.1159074,
    "安倍": 0.1,
    "武汉大学": 0.09658,
    "女孩": 0.0949406,
    "违规": 0.0887103,
    "预约": 0.0851021,
    "下架": 0.0836757,
    "余秀华": 0.0820791,
    "英国": 0.081617,
    "数据库": 0.0801751,
    "苏州": 0.0793011,
    "新东方": 0.0789172,
    "豆瓣": 0.0774943,
    "被罚": 0.0743954,
    "超生": 0.0728896,
    "苹果": 0.0692774,
    "身亡": 0.0661718,
    "广西": 0.0654476,
    "斯里兰卡": 0.0651087,
    "内卷": 0.0647024,
    "起火": 0.0645813,
    "迪士尼": 0.0626322,
    "雨衣男": 0.0625969,
    "电视台": 0.0617448,
    "破产": 0.0573314,
    "离婚": 0.0568802,
    "比亚迪": 0.0557269,
    "美元": 0.0555786,
    "日本": 0.054525,
    "实验室": 0.0536001,
    "街道": 0.0535901,
    "发布": 0.0521153,
    "英国首相": 0.0520944,
    "子女": 0.0514652,
    "宣布": 0.0513994,
    "一例": 0.051273,
    "谭谈交通": 0.0504366,
    "形象": 0.0492231,
    "马斯克": 0.0490641,
    "违法犯罪": 0.0484458,
    "全州": 0.0484123,
    "死刑": 0.0471856,
    "母女": 0.0470842,
    "永久": 0.0467673,
    "乐视": 0.0462043,
    "两人": 0.0460002,
    "传闻": 0.0459545,
    "画面": 0.0454929,
    "宣判": 0.0412114,
    "3亿": 0.040584,
    "米老鼠": 0.0404437,
    "收购": 0.0402203,
    "股份": 0.0396625,
    "辞职": 0.0389542,
    "2人": 0.0388211,
    "被告人": 0.0383513,
    "新专辑": 0.0370755,
    "10亿": 0.0360907,
    "地上": 0.0357549,
    "冰淇淋": 0.0331541,
    "市政府": 0.0326067,
    "公务员": 0.0324125,
    "环保": 0.0322274,
    "云南": 0.0316299,
    "学生": 0.0313889,
    "手机": 0.031254,
    "霍乱病例": 0.0305966,
    "检测": 0.0303844,
    "节目": 0.0301925,
    "a股": 0.0300787,
    "致歉": 0.0299351,
    "华为": 0.0297103,
    "印度": 0.0290301,
    "旅游": 0.0288782,
    "行程": 0.0279621,
    "演员": 0.0279596,
    "山东": 0.0275335,
    "新歌": 0.0264108,
    "世茂": 0.0262352,
    "女大学生": 0.0259891,
    "侵权": 0.0258842,
    "作品": 0.0256948,
    "刺杀": 0.0256357,
    "枪击": 0.0255562,
    "社会调剂": 0.0254505,
    "谭乔": 0.0238001,
    "被判": 0.0235454,
    "洪峤": 0.0232653,
    "拘留": 0.0230565,
    "本地文件": 0.0226006,
    "发射": 0.0225893,
    "学历": 0.0220269,
    "卫星": 0.0210073,
    "曝光": 0.0207635,
    "调剂": 0.0207051,
    "合约": 0.0201772,
    "医学": 0.0200305,
    "局长": 0.0199736,
    "广播": 0.01988,
    "袁冰妍": 0.0195574,
    "总理": 0.0193273,
    "健康": 0.0193091,
    "检验": 0.0187777,
    "欧洲": 0.0186916,
    "治疗": 0.0180311,
    "清算": 0.0179928,
    "供述": 0.0179345,
    "彬彬": 0.0174423,
    "面包": 0.0170351,
    "目标": 0.016725,
    "河南": 0.0163379,
    "抱走": 0.0162896,
    "江西": 0.0162738,
    "赔偿": 0.016189,
    "转让": 0.0160689,
    "先行曲": 0.0159356,
    "苏宁": 0.0154831,
    "违约": 0.0154074,
    "安倍晋三": 0.0153927,
    "陈春花": 0.0152991,
    "生命": 0.0150737,
    "男友": 0.014989,
    "霍乱": 0.0147262,
    "麦当劳": 0.0146568,
    "法院": 0.0143807,
    "全县": 0.0142116,
    "全面": 0.0141956,
    "版权": 0.0139447,
    "取消": 0.0139349,
    "传播": 0.0138936,
    "男子": 0.0138486,
    "职务": 0.0138285,
    "疫情防控": 0.0137776,
    "开分": 0.0136309,
    "推特": 0.0131548,
    "维护": 0.0130962,
    "一审": 0.0130708,
    "辞去": 0.0128651,
    "拒绝": 0.0125565,
    "驾车": 0.0124417,
    "爆发": 0.0124131,
    "杀人": 0.0123871,
    "症状": 0.0123486,
    "性关系": 0.012104,
    "易购": 0.0118394,
    "犯罪": 0.0117976,
    "企业": 0.0117003,
    "巴菲特": 0.011603,
    "道歉": 0.0115614,
    "律师": 0.0114222,
    "抗议": 0.0114005,
    "武汉": 0.0113353,
    "全日制": 0.0112839,
    "法律责任": 0.01126,
    "维权": 0.0110821,
    "实施": 0.0110618,
    "总统": 0.0108348,
    "辞退": 0.010465,
    "贵州": 0.0104289,
    "钟薛高": 0.0103265,
    "版权保护": 0.0102257,
    "房价": 0.0100931,
    "潜逃": 0.0099213,
    "北大": 0.0099066,
    "乌克兰": 0.0097728,
    "拖拽": 0.0097486,
    "核实": 0.0096954,
    "核酸": 0.0096125,
    "全网": 0.0096016,
    "总监": 0.0094748,
    "教授": 0.0094612,
    "音乐": 0.0093816,
    "躺平": 0.0092984,
    "传言": 0.009162,
    "全州县": 0.0090717,
    "德国": 0.0090372,
    "猥亵": 0.0090154,
    "大学": 0.0090009,
    "涉事": 0.0089573,
    "小树林": 0.0088802,
    "主持人": 0.0088205,
    "母亲": 0.008639,
    "双胞胎": 0.0085396,
    "上线": 0.0085095,
    "起诉": 0.0084729,
    "茅台": 0.008401,
    "钢琴": 0.0083702,
    "报警": 0.0083153,
    "终止": 0.0082367,
    "协商": 0.0080289,
    "卫生服务中心": 0.0080259,
    "经营": 0.0079454,
    "成绩": 0.0079195,
    "盖章": 0.0078959,
    "罗崇敏": 0.0078558,
    "录取": 0.0078272,
    "业务": 0.0077554,
    "台风": 0.0077367,
    "资本": 0.0076108,
    "京东": 0.007585,
    "判罚": 0.0075827,
    "续约": 0.0075196,
    "中枪": 0.0074079,
    "确诊": 0.0073882,
    "重庆": 0.0073531,
    "美图": 0.0073216,
    "文件": 0.0072952,
    "涉嫌": 0.0072936,
    "工作人员": 0.0072855,
    "进屋": 0.0072089,
    "扎伤": 0.0072039,
    "地球": 0.0072011,
    "银行": 0.0071923,
    "神仙": 0.0071909,
    "洪某": 0.007163,
    "学校ip": 0.0070684,
    "不爱我就拉倒": 0.0070182,
    "偷漏税": 0.0070146,
    "人均": 0.0070062,
    "七七事变": 0.0069467,
    "禁止": 0.006917,
    "访问": 0.0069076,
    "养父": 0.0068819,
    "教育厅": 0.0068818,
    "快递": 0.0068198,
    "被判赔": 0.0068185,
    "营销": 0.0066415,
    "案一审": 0.0065903,
    "无症状": 0.006578,
    "被害案": 0.0065367,
    "高温": 0.0065322,
    "争议": 0.0064992
}