{
    "斯里兰卡": 0.8996599,
    "员工": 0.8852729,
    "用户": 0.8611982,
    "华为": 0.8588206,
    "苏宁": 0.8247999,
    "乐视": 0.824622,
    "陈春花": 0.8200226,
    "豆瓣": 0.8193106,
    "孩子": 0.8123279,
    "易购": 0.8093437,
    "女大学生": 0.8056657,
    "发射": 0.8009284,
    "家暴": 0.7989027,
    "数据库": 0.7975345,
    "公司": 0.7948614,
    "卫星": 0.7947181,
    "唐山": 0.7937019,
    "招聘": 0.7924648,
    "超生": 0.7922111,
    "WPS": 0.7920497,
    "下架": 0.7918438,
    "统一": 0.7914442,
    "警方": 0.7895348,
    "紧急状态": 0.7894943,
    "抱走": 0.7881442,
    "美图": 0.787447,
    "养父": 0.7865423,
    "马斯克": 0.785371,
    "开分": 0.784704,
    "一例": 0.7841011,
    "南京": 0.7827252,
    "罗崇敏": 0.7820347,
    "被家暴": 0.7781849,
    "特斯拉": 0.7781453,
    "周杰伦": 0.7773591,
    "66万": 0.7772614,
    "董卿": 0.7768598,
    "教育厅": 0.7764377,
    "嫌疑人": 0.7755398,
    "谭乔": 0.7746669,
    "世茂": 0.774502,
    "枪击": 0.7740501,
    "英国首相": 0.7732071,
    "调剂": 0.7731996,
    "全州": 0.7726868,
    "终止": 0.7723747,
    "进屋": 0.7723727,
    "死刑": 0.7723534,
    "侵权": 0.7718768,
    "小树林": 0.771859,
    "总监": 0.7717113,
    "轨道": 0.7713369,
    "盖章": 0.771142,
    "清算": 0.7710585,
    "买房车": 0.7704229,
    "违规": 0.7700825,
    "女孩": 0.7697537,
    "强制执行": 0.7690997,
    "苹果": 0.7686368,
    "洪峤": 0.7686308,
    "扎伤": 0.7680176,
    "身亡": 0.7676412,
    "日本": 0.7673175,
    "学校IP": 0.7665683,
    "永久": 0.7661206,
    "一审": 0.7660939,
    "刺杀": 0.7660061,
    "两人": 0.7655543,
    "彬彬": 0.7654904,
    "被害": 0.7651637,
    "起火": 0.7648394,
    "违法犯罪": 0.7646275,
    "收购": 0.7646014,
    "天链": 0.764352,
    "被封": 0.7636844,
    "市政府": 0.7625522,
    "冲卡": 0.7624051,
    "10亿": 0.7618196,
    "画面": 0.7617377,
    "被判": 0.7612735,
    "麦当劳": 0.760921,
    "辞职": 0.7608945,
    "报恩": 0.7605834,
    "传言": 0.7604404,
    "子女": 0.7602102,
    "内卷": 0.7601138,
    "厅长": 0.7595241,
    "性关系": 0.7590869,
    "最伟大的作品": 0.7585136,
    "宣判": 0.7583878,
    "演讲时": 0.7580051,
    "转绿码": 0.7578596,
    "倒地": 0.7578116,
    "比亚迪": 0.7576321,
    "安倍": 0.7574523,
    "上报": 0.7570697,
    "炒币": 0.756587,
    "违约": 0.7564718,
    "新东方": 0.7560945,
    "失去": 0.7558853,
    "前妻": 0.7554327,
    "全州县": 0.7545411,
    "安倍晋三": 0.7543939,
    "德国": 0.7542518,
    "拘留": 0.7540829,
    "潜逃": 0.7537731,
    "七七事变": 0.7536926,
    "美元": 0.7535638,
    "云南": 0.7532063,
    "先行曲": 0.7530168,
    "妇联": 0.7528454,
    "集团": 0.752522,
    "英国": 0.7525009,
    "中继": 0.7523549,
    "米老鼠": 0.7523422,
    "离婚": 0.7522012,
    "97万": 0.7519782,
    "浮亏": 0.7519149,
    "供述": 0.7517071,
    "续约": 0.7514248,
    "学生": 0.7512734,
    "面包": 0.751273,
    "赶着": 0.7509256,
    "袁冰妍": 0.7508846,
    "莱阳": 0.7508018,
    "总理": 0.7504051,
    "监护室": 0.7498705,
    "致歉": 0.7498459,
    "警备": 0.7495188,
    "遇袭": 0.7495105,
    "巴菲特": 0.7490617,
    "流血": 0.7488783,
    "重症": 0.7488129,
    "双胞胎": 0.7487139,
    "推特": 0.7480769,
    "合约": 0.7479782,
    "涉嫌": 0.7479605,
    "刘翔": 0.7477572,
    "局长": 0.7476582,
    "新专辑": 0.7476409,
    "本地文件": 0.7471574,
    "被告人": 0.7465879,
    "冰淇淋": 0.7462606,
    "掉地上": 0.7460945,
    "余秀华": 0.7458958,
    "街道": 0.7455625,
    "胸部": 0.745426,
    "旅游": 0.7454215,
    "版权": 0.7453766,
    "总统": 0.7452566,
    "货架": 0.7451937,
    "苏州": 0.7451617,
    "被害案": 0.7449824,
    "约翰逊": 0.7446664,
    "破产": 0.7446557,
    "女高管": 0.7443409,
    "全县": 0.7441423,
    "版权保护": 0.7432056,
    "遇害案": 0.7431733,
    "预约": 0.7431005,
    "颈部": 0.7429383,
    "中弹": 0.7427874,
    "生下": 0.7422615,
    "行程": 0.7419276,
    "迪士尼": 0.7409869,
    "洪某": 0.7408622,
    "电视台": 0.7407472,
    "印度": 0.7407003,
    "偷漏税": 0.7406501,
    "放回": 0.7403973,
    "雨衣男": 0.7403635,
    "蓝博": 0.7400182,
    "中同": 0.7400182,
    "85周年": 0.7400033,
    "茅台": 0.7399448,
    "我不是药神": 0.7399035,
    "开启": 0.7398369,
    "曝光": 0.7384974,
    "4岁男童": 0.7380045,
    "3.5亿": 0.7379832,
    "被压": 0.7374403,
    "前一晚": 0.737413,
    "2人": 0.7368642,
    "删除": 0.7365434,
    "歌单": 0.7362759,
    "3亿": 0.736094,
    "广播": 0.7357605,
    "拖进": 0.735672,
    "中学校长": 0.7354734,
    "广西": 0.7349337,
    "拖走": 0.7346251,
    "驾车": 0.7345047,
    "运载火箭": 0.7344329,
    "转让": 0.7341659,
    "判罚": 0.7337699,
    "霍乱": 0.733588,
    "炒至": 0.7335522,
    "检验": 0.7333423,
    "鲍里斯": 0.7332969,
    "社会调剂": 0.7329323,
    "治疗": 0.7325785,
    "升空": 0.7321098,
    "长征三号": 0.7321098,
    "母女": 0.7318859,
    "西昌卫星发射中心": 0.731804,
    "中枪": 0.7315671,
    "航天器": 0.7313959,
    "医学": 0.7311676,
    "政坛": 0.7311187,
    "藤县": 0.7311103,
    "环保": 0.731096,
    "批捕": 0.7310294,
    "拉贾帕克萨": 0.730544,
    "金融类": 0.7305395,
    "碳中和": 0.7302604,
    "被判赔": 0.7300207,
    "一切正常": 0.7298668,
    "被骗": 0.7296143,
    "载人": 0.7291808,
    "遴选": 0.7290794,
    "飞船": 0.7287928,
    "将天": 0.7284401,
    "武汉大学": 0.728018,
    "武昌区": 0.7279927,
    "葛某": 0.7278369,
    "搜查": 0.7278039,
    "圆满成功": 0.7276874,
    "动荡": 0.7273594,
    "留任": 0.7272813,
    "拖拽": 0.7270796,
    "宣布": 0.7269094,
    "男友": 0.7268104,
    "获赔": 0.7264965,
    "霍乱病例": 0.7263921,
    "体征": 0.7262548,
    "李某": 0.7262277,
    "减值": 0.7261815,
    "前首相": 0.7261335,
    "立案查处": 0.7255512,
    "哈根达斯": 0.7252058,
    "突击": 0.7251676,
    "调岗": 0.7251479,
    "曹泽青": 0.724911,
    "地球": 0.7247539,
    "张晨光": 0.7245133,
    "提供数据": 0.7243966,
    "谭谈交通": 0.7243947,
    "抗议者": 0.7243591,
    "预定": 0.7242778,
    "成都电视台": 0.7239281,
    "净亏损": 0.7239196,
    "2035年": 0.7237734,
    "文档": 0.7236208
}