{
    "员工": 0.8161079,
    "周杰伦": 0.7658639,
    "家暴": 0.6831326,
    "宣布": 0.5251431,
    "华为": 0.4582206,
    "斯里兰卡": 0.4520242,
    "约翰逊": 0.3586141,
    "苹果": 0.3364246,
    "最伟大的作品": 0.3359284,
    "南京": 0.2725427,
    "警方": 0.263808,
    "统一": 0.2357565,
    "发射": 0.2282773,
    "女孩": 0.1847309,
    "武汉大学": 0.1816657,
    "学生": 0.1780557,
    "余秀华": 0.1740929,
    "涉嫌": 0.1709982,
    "终止": 0.1641816,
    "卫星": 0.1587776,
    "违规": 0.1502639,
    "下架": 0.1402375,
    "违法犯罪": 0.1359595,
    "传闻": 0.132703,
    "嫌疑人": 0.1317309,
    "街道": 0.1208318,
    "辞职": 0.1199161,
    "孩子": 0.1170492,
    "两人": 0.1155109,
    "唐山": 0.114064,
    "总统": 0.1031812,
    "云南": 0.1020282,
    "超生": 0.1,
    "安倍": 0.1,
    "雨衣男": 0.1,
    "数据库": 0.0994022,
    "总监": 0.0986633,
    "英国": 0.0966182,
    "永久": 0.0912409,
    "具体情况": 0.0907352,
    "死刑": 0.0899051,
    "侵权": 0.0883412,
    "3亿": 0.0858529,
    "内卷": 0.0841724,
    "谭谈交通": 0.0835577,
    "豆瓣": 0.0823742,
    "画面": 0.080853,
    "霍乱病例": 0.0766023,
    "致歉": 0.0747185,
    "总理": 0.0734005,
    "美元": 0.0723977,
    "全州": 0.0721985,
    "一例": 0.0711446,
    "招聘": 0.0708598,
    "特斯拉": 0.0687451,
    "苏州": 0.0663011,
    "冰淇淋": 0.0640918,
    "地上": 0.0639139,
    "子女": 0.0638476,
    "旅游": 0.0624535,
    "身亡": 0.0615339,
    "英国首相": 0.0593667,
    "被判": 0.0589426,
    "10亿": 0.0566735,
    "治疗": 0.0565028,
    "宣判": 0.0554404,
    "母女": 0.0543677,
    "开启": 0.054267,
    "江西": 0.051694,
    "新专辑": 0.0513852,
    "轨道": 0.0511417,
    "曝光": 0.0500816,
    "预约": 0.0496229,
    "用户": 0.0477353,
    "地球": 0.0476546,
    "女大学生": 0.0473789,
    "实施": 0.0473223,
    "起火": 0.0465032,
    "广西": 0.0462118,
    "清算": 0.0454967,
    "WPS": 0.0441451,
    "印度": 0.0437564,
    "离婚": 0.0432226,
    "2人": 0.0427383,
    "市政府": 0.0424339,
    "拘留": 0.0422533,
    "企业": 0.0411421,
    "收购": 0.0393524,
    "顺利": 0.0389719,
    "驾车": 0.0383601,
    "行程": 0.0378419,
    "局长": 0.0370565,
    "本地文件": 0.0369034,
    "日本": 0.0367075,
    "电视台": 0.0362513,
    "删除": 0.0355872,
    "新东方": 0.0346122,
    "马斯克": 0.0345409,
    "刺杀": 0.0337774,
    "世茂": 0.0335175,
    "茅台": 0.033337,
    "京东": 0.0328746,
    "违约": 0.0325401,
    "紧急状态": 0.032273,
    "快递": 0.032013,
    "陈春花": 0.0317003,
    "先行曲": 0.0309954,
    "实验室": 0.0304552,
    "彬彬": 0.0301579,
    "枪击": 0.0300124,
    "供述": 0.0296096,
    "苏宁": 0.0293008,
    "倒地": 0.0289245,
    "合约": 0.0287342,
    "立案": 0.0287098,
    "社会调剂": 0.0286222,
    "被告人": 0.0284133,
    "传言": 0.0283195,
    "乐视": 0.0277172,
    "股份": 0.0275984,
    "比亚迪": 0.0268777,
    "经营": 0.0268711,
    "被骗": 0.0268067,
    "预定": 0.0265466,
    "失去": 0.0256752,
    "面包": 0.0252896,
    "易购": 0.0242102,
    "爆发": 0.0241501,
    "迪士尼": 0.023988,
    "麦当劳": 0.0236989,
    "性关系": 0.0217571,
    "起诉": 0.0216702,
    "演员": 0.0215339,
    "发布": 0.0207433,
    "罗崇敏": 0.0205199,
    "检测": 0.0198729,
    "检验": 0.0194998,
    "目标": 0.0194736,
    "医学": 0.0192807,
    "美国": 0.0191318,
    "杀人": 0.0189281,
    "教育厅": 0.0189118,
    "拖拽": 0.0189087,
    "抱走": 0.0184411,
    "开分": 0.0183676,
    "德国": 0.018277,
    "判罚": 0.0182229,
    "生命": 0.0181628,
    "公司": 0.0180278,
    "潜逃": 0.0179083,
    "小树林": 0.0177569,
    "洪峤": 0.0177145,
    "安倍晋三": 0.017494,
    "总部": 0.0174428,
    "七七事变": 0.0173066,
    "台风": 0.0172825,
    "推特": 0.0171923,
    "祝贺": 0.0170383,
    "养父": 0.0165742,
    "颈部": 0.0165323,
    "盖章": 0.0164848,
    "天链": 0.0164728,
    "双胞胎": 0.016467,
    "我不是药神": 0.016377,
    "重症": 0.0163039,
    "霍乱": 0.0162256,
    "法院": 0.0162057,
    "歌单": 0.0161368,
    "运载火箭": 0.016086,
    "男友": 0.0158809,
    "合同": 0.0158469,
    "胸部": 0.0155959,
    "营销": 0.0155831,
    "取消": 0.0153649,
    "续约": 0.0150887,
    "董卿": 0.0149255,
    "进屋": 0.0147256,
    "全面": 0.0146414,
    "辞退": 0.0145609,
    "66万": 0.0145092,
    "山东": 0.0142734,
    "环保": 0.0141677,
    "厅长": 0.0141618,
    "调剂": 0.0138939,
    "犯罪": 0.013395,
    "一审": 0.0133724,
    "生下": 0.0133626,
    "维护": 0.0133286,
    "强制执行": 0.0132932,
    "美图": 0.0131758,
    "谭乔": 0.0131342,
    "法律责任": 0.0130164,
    "买房车": 0.0129876,
    "载人": 0.0129192,
    "业务": 0.0127731,
    "米老鼠": 0.0125213,
    "关闭": 0.0124902,
    "转绿码": 0.0124228,
    "拉贾帕克萨": 0.012174,
    "洪某": 0.0120476,
    "被害": 0.012035,
    "武汉": 0.0119787,
    "前一晚": 0.01178,
    "职务": 0.0114376,
    "学校IP": 0.0114166,
    "中枪": 0.0111963,
    "全县": 0.0111187,
    "货架": 0.011044,
    "4岁男童": 0.0109339,
    "遇害案": 0.0106163,
    "节目": 0.0105946,
    "辞去": 0.0104462,
    "85周年": 0.0103653,
    "敏感": 0.0102468,
    "报恩": 0.0101304,
    "被判赔": 0.0101194,
    "形象": 0.0100727,
    "禁止": 0.0099859,
    "广播": 0.0098511,
    "办公室": 0.0098365,
    "涉事": 0.0098033,
    "核酸": 0.0098025,
    "被害人": 0.0097725,
    "爆料": 0.0097059,
    "有限公司": 0.0096673,
    "新歌": 0.0096616,
    "版权": 0.0096321,
    "大学": 0.0095782,
    "抗议者": 0.0094498,
    "核实": 0.009431,
    "音乐": 0.0094079,
    "巴菲特": 0.0092142,
    "前妻": 0.00921,
    "报警": 0.009167,
    "审核": 0.0090946,
    "冲卡": 0.0090831,
    "被害案": 0.0090329,
    "扎伤": 0.0089902,
    "体征": 0.0088988,
    "微信": 0.0088924,
    "妇联": 0.008844,
    "传播": 0.008767,
    "男子": 0.0086863,
    "转让": 0.0086177,
    "上报": 0.0085434,
    "工作岗位": 0.0084953,
    "哈根达斯": 0.0084514,
    "躺平": 0.0084211,
    "全网": 0.0084149,
    "锁定": 0.0084126,
    "中继": 0.008394,
    "中级人民法院": 0.0082072,
    "偷漏税": 0.0081089,
    "北大": 0.0080266,
    "提供数据": 0.0080221,
    "正式": 0.0079891,
    "炒币": 0.0077524,
    "破产": 0.0075607,
    "剥夺": 0.0074829,
    "访问": 0.0074592,
    "过于": 0.0074216,
    "赔偿": 0.0073381,
    "97万": 0.0072961,
    "维权": 0.0072604,
    "赶着": 0.0072009,
    "拒绝": 0.0071897,
    "案一审": 0.0071803,
    "袁冰妍": 0.007154,
    "和谐": 0.0071343,
    "演讲时": 0.0070883,
    "欧洲": 0.0070806,
    "申请": 0.0070638,
    "女高管": 0.0070371,
    "道歉": 0.0070104,
    "浮亏": 0.0068312,
    "案例": 0.0066974,
    "文件": 0.0066794,
    "合法权益": 0.0066432,
    "莱阳": 0.0066328,
    "教授": 0.0066051,
    "车辆": 0.0065563,
    "演绎": 0.0065099,
    "检出": 0.006493,
    "岗位": 0.0064673,
    "公务员": 0.0063101,
    "主持人": 0.0062475,
    "学历": 0.0061235,
    "年底": 0.0060998,
    "索赔": 0.0060537
}